,Match ID,Player,Hero,Time,Rating,FWin%,PTK,K/10,D/10,U/10,TTCU,KPU,UE,UOOF,FK,FD,Impact,Elim/10,dmg/10,heal/10,ObjTime/10,ObjKills/10
0,2404,Fleta,Widowmaker,00:22:53,1476,61.54%,39.78%,16.17,4.37,4.81,83,0,18.46,9.09%,58%,0%,1565,N/A,N/A,N/A,N/A,N/A
1,2404,Wekeed,Junkrat,00:17:40,1229,68.18%,32.56%,15.85,6.79,3.96,105,0,31.82,0%,27%,5%,1479,N/A,N/A,N/A,N/A,N/A
2,2404,Surefour,Tracer,00:05:40,1218,62.5%,27.78%,8.82,5.29,7.06,48,0,4.17,0%,13%,13%,1800,N/A,N/A,N/A,N/A,N/A
3,2404,ryujehong,Zenyatta,00:31:30,1177,62.16%,12.06%,5.4,5.71,3.49,99,0,-6.61,10%,3%,14%,824,N/A,N/A,N/A,N/A,N/A
4,2404,zunba,D.Va,00:44:42,1128,58.93%,20.4%,9.17,5.37,0,0,0,0,0%,5%,0%,859,N/A,N/A,N/A,N/A,N/A
5,2404,Fleta,Reaper,00:06:34,1118,66.67%,35.71%,15.23,7.61,4.57,91,0,0,0%,50%,17%,1118,N/A,N/A,N/A,N/A,N/A
6,2404,BigG00se,Lucio,00:16:04,1104,35%,10.34%,3.73,5.6,3.11,114,0,15,0%,5%,0%,1020,N/A,N/A,N/A,N/A,N/A
7,2404,tobi,Mercy,00:43:37,1056,59.62%,0.53%,0.23,4.13,3.9,120,0,16.86,5.88%,0%,4%,1464,N/A,N/A,N/A,N/A,N/A
8,2404,KuKi,Winston,00:43:33,1039,58.18%,13.85%,6.2,6.2,3.9,104,0,4.32,5.88%,0%,5%,1095,N/A,N/A,N/A,N/A,N/A
9,2404,Surefour,Pharah,00:05:04,1036,28.57%,26.32%,9.87,5.92,1.97,80,0,0,0%,0%,14%,1232,N/A,N/A,N/A,N/A,N/A
10,2404,zunba,Roadhog,00:08:46,1022,33.33%,12%,3.42,4.56,3.42,84,0,0,0%,0%,0%,1486,N/A,N/A,N/A,N/A,N/A
11,2404,Bunny,Tracer,00:24:01,996,53.57%,19.79%,7.91,5.41,7.08,69,0,33.93,15.38%,11%,4%,1068,N/A,N/A,N/A,N/A,N/A
12,2404,Shaz,Zenyatta,00:37:52,975,43.75%,11.68%,4.23,7.39,3.7,102,0,1.7,0%,10%,10%,813,N/A,N/A,N/A,N/A,N/A
13,2404,Surefour,Soldier: 76,00:13:42,971,26.67%,30.77%,8.76,6.57,4.38,80,0,13.33,0%,7%,13%,460,N/A,N/A,N/A,N/A,N/A
14,2404,Bischu,D.Va,00:53:28,947,38.46%,21.93%,7.67,5.8,0,0,0,0,0%,15%,0%,915,N/A,N/A,N/A,N/A,N/A
15,2404,Fleta,Genji,00:06:28,925,25%,36.84%,10.82,10.82,4.64,103,0,41.67,0%,13%,25%,897,N/A,N/A,N/A,N/A,N/A
16,2404,Hydration,Genji,00:27:11,920,50%,23.36%,9.2,6.99,4.05,109,0,10,9.09%,3%,6%,1073,N/A,N/A,N/A,N/A,N/A
17,2404,Fleta,Pharah,00:08:05,918,63.64%,21.05%,9.9,3.71,4.95,90,0,36.36,0%,18%,18%,286,N/A,N/A,N/A,N/A,N/A
18,2404,Shaz,Moira,00:05:00,910,20%,0%,0,8,6,65,0,-20,33.33%,0%,20%,1043,N/A,N/A,N/A,N/A,N/A
19,2404,Hydration,Roadhog,00:08:00,862,25%,22.22%,5,7.5,3.75,96,0,-25,0%,13%,13%,1078,N/A,N/A,N/A,N/A,N/A
20,2404,Asher,Tracer,00:27:59,858,42.86%,18.42%,7.5,6.43,5,85,0,2.6,0%,9%,14%,1230,N/A,N/A,N/A,N/A,N/A
21,2404,ryujehong,Mercy,00:05:04,851,57.14%,4.35%,1.97,7.89,3.95,115,0,0,0%,0%,0%,1222,N/A,N/A,N/A,N/A,N/A
22,2404,iRemiix,Winston,00:48:36,811,40%,17.05%,6.17,7.2,3.5,114,0,2.86,12.5%,7%,8%,556,N/A,N/A,N/A,N/A,N/A
23,2404,KuKi,Orisa,00:09:45,810,40%,14.81%,4.1,8.21,1.03,194,0,60,0%,0%,10%,835,N/A,N/A,N/A,N/A,N/A
24,2404,tobi,Lucio,00:09:38,807,38.46%,8.57%,3.11,8.3,3.11,117,0,-38.46,33.33%,0%,23%,710,N/A,N/A,N/A,N/A,N/A
25,2404,Hydration,Doomfist,00:07:20,760,33.33%,20%,8.18,13.64,2.73,121,0,16.67,0%,11%,22%,1035,N/A,N/A,N/A,N/A,N/A
26,2404,BigG00se,Mercy,00:37:06,684,40%,1.55%,0.54,6.74,2.96,115,0,30,9.09%,0%,9%,823,N/A,N/A,N/A,N/A,N/A
27,2404,Wekeed,Tracer,00:06:48,646,25%,21.05%,5.88,11.76,5.88,63,0,0,0%,0%,25%,361,N/A,N/A,N/A,N/A,N/A
28,2404,ryujehong,Ana,00:04:16,NED,80%,8%,4.69,2.34,4.69,66,0,20,0%,0%,0%,603,N/A,N/A,N/A,N/A,N/A
29,2404,ryujehong,Doomfist,00:00:36,NED,100%,0%,0,16.67,0,0,0,0,0%,0%,100%,837,N/A,N/A,N/A,N/A,N/A
30,2404,ryujehong,Hanzo,00:00:05,NED,0%,0%,0,0,0,0,0,0,0%,0%,0%,994,N/A,N/A,N/A,N/A,N/A
31,2404,ryujehong,Lucio,00:03:05,NED,40%,0%,0,3.24,3.24,140,0,-40,0%,0%,20%,265,N/A,N/A,N/A,N/A,N/A
32,2404,ryujehong,Mei,00:04:02,NED,25%,0%,0,9.92,2.48,98,0,-25,0%,0%,0%,990,N/A,N/A,N/A,N/A,N/A
33,2404,ryujehong,Moira,00:03:45,NED,16.67%,0%,0,10.67,2.67,98,0,0,100%,0%,33%,791,N/A,N/A,N/A,N/A,N/A
34,2404,ryujehong,Soldier: 76,00:00:52,NED,0%,9.09%,11.54,11.54,0,0,0,0,0%,0%,0%,1095,N/A,N/A,N/A,N/A,N/A
35,2404,ryujehong,Zarya,00:00:13,NED,0%,0%,0,0,0,0,0,0,0%,0%,0%,994,N/A,N/A,N/A,N/A,N/A
36,2404,tobi,Soldier: 76,00:00:13,NED,0%,0%,0,0,0,0,0,0,0%,0%,0%,991,N/A,N/A,N/A,N/A,N/A
37,2404,KuKi,Zarya,00:00:10,NED,0%,0%,0,0,0,0,0,0,0%,0%,0%,995,N/A,N/A,N/A,N/A,N/A
38,2404,Surefour,Genji,00:00:16,NED,0%,0%,0,37.5,0,0,0,0,0%,0%,100%,971,N/A,N/A,N/A,N/A,N/A
39,2404,Surefour,Mccree,00:00:30,NED,0%,50%,40,20,0,0,0,0,0%,0%,0%,758,N/A,N/A,N/A,N/A,N/A
40,2404,Surefour,Mei,00:00:24,NED,0%,0%,0,25,0,0,0,0,0%,0%,0%,1029,N/A,N/A,N/A,N/A,N/A
41,2404,Surefour,Widowmaker,00:04:05,NED,20%,30%,7.35,7.35,4.9,95,0,-20,0%,0%,40%,791,N/A,N/A,N/A,N/A,N/A
42,2404,Surefour,Zarya,00:04:57,NED,20%,27.27%,6.06,8.08,2.02,147,0,-20,0%,0%,20%,964,N/A,N/A,N/A,N/A,N/A
43,2404,iRemiix,Reinhardt,00:04:52,NED,20%,18.18%,4.11,8.22,4.11,75,0,-20,0%,0%,20%,762,N/A,N/A,N/A,N/A,N/A
44,2404,Shaz,Ana,00:04:55,NED,25%,5%,2.03,8.14,4.07,85,0,25,0%,0%,25%,1296,N/A,N/A,N/A,N/A,N/A
45,2404,Shaz,Hanzo,00:00:11,NED,0%,0%,0,0,0,0,0,0,0%,0%,0%,991,N/A,N/A,N/A,N/A,N/A
46,2404,Shaz,Mei,00:00:26,NED,0%,0%,0,23.08,0,0,0,0,0%,0%,0%,1028,N/A,N/A,N/A,N/A,N/A
47,2404,Shaz,Mercy,00:04:52,NED,28.57%,5.26%,2.05,10.27,4.11,105,0,-28.57,50%,0%,29%,1434,N/A,N/A,N/A,N/A,N/A
48,2404,Shaz,Soldier: 76,00:00:12,NED,0%,0%,0,0,0,0,0,0,0%,0%,0%,992,N/A,N/A,N/A,N/A,N/A
49,2404,Fleta,Mccree,00:04:24,NED,71.43%,10.71%,6.82,9.09,4.55,82,0,28.57,0%,29%,14%,1453,N/A,N/A,N/A,N/A,N/A
50,2404,Fleta,Sombra,00:04:10,NED,16.67%,30%,7.2,2.4,4.8,78,0,33.33,0%,0%,0%,902,N/A,N/A,N/A,N/A,N/A
51,2404,Fleta,Tracer,00:00:54,NED,100%,10%,11.11,11.11,11.11,35,0,0,0%,0%,0%,1189,N/A,N/A,N/A,N/A,N/A
52,2404,Hydration,Junkrat,00:01:48,NED,0%,66.67%,11.11,5.56,5.56,82,0,0,0%,0%,0%,787,N/A,N/A,N/A,N/A,N/A
53,2404,BigG00se,Tracer,00:00:18,NED,0%,0%,0,33.33,0,0,0,0,0%,0%,0%,972,N/A,N/A,N/A,N/A,N/A
54,2404,Wekeed,Genji,00:04:11,NED,50%,18.75%,7.17,7.17,4.78,84,0,0,0%,17%,0%,1353,N/A,N/A,N/A,N/A,N/A
55,2404,Wekeed,Soldier: 76,00:00:48,NED,100%,33.33%,37.5,0,0,0,0,0,0%,0%,0%,1137,N/A,N/A,N/A,N/A,N/A
56,2403,JJoNak,Zenyatta,00:47:21,1276,50.91%,12.5%,4.86,4.44,4.01,87,0,13.8,10.53%,7%,11%,762,N/A,N/A,N/A,N/A,N/A
57,2403,Saebyeolbe,Tracer,00:32:17,1174,52.63%,28.15%,11.77,4.65,5.27,100,0,31.98,0%,11%,8%,1265,N/A,N/A,N/A,N/A,N/A
58,2403,Libero,Soldier: 76,00:07:17,1058,71.43%,27.59%,10.98,5.49,4.12,89,0,28.57,0%,14%,29%,635,N/A,N/A,N/A,N/A,N/A
59,2403,clockwork,Tracer,00:16:37,1055,30%,31.25%,9.03,6.62,5.42,61,0,-15.71,0%,10%,5%,1293,N/A,N/A,N/A,N/A,N/A
60,2403,Bani,Mercy,00:47:55,1041,49.12%,0.65%,0.21,5.01,3.97,103,0,0.88,0%,0%,4%,1403,N/A,N/A,N/A,N/A,N/A
61,2403,MekO,Roadhog,00:06:50,1039,28.57%,25%,7.32,7.32,2.93,77,0,-28.57,0%,14%,0%,1438,N/A,N/A,N/A,N/A,N/A
62,2403,Mano,Winston,00:21:30,1037,38.46%,18.42%,6.51,6.51,3.26,114,0,11.54,14.29%,0%,8%,1328,N/A,N/A,N/A,N/A,N/A
63,2403,Libero,Genji,00:16:21,1036,47.37%,20.9%,8.56,5.5,3.67,92,0,19.3,0%,11%,5%,935,N/A,N/A,N/A,N/A,N/A
64,2403,ArK,Mercy,00:47:23,1035,49.12%,0.56%,0.21,4.22,3.8,103,0,29.45,5.88%,0%,7%,653,N/A,N/A,N/A,N/A,N/A
65,2403,Saebyeolbe,Mccree,00:07:26,1002,60%,26.92%,9.42,4.04,2.69,82,0,40,50%,0%,10%,714,N/A,N/A,N/A,N/A,N/A
66,2403,LiNkzr,Widowmaker,00:14:52,1001,47.06%,37.78%,11.43,6.73,3.36,99,0,-27.06,0%,24%,12%,944,N/A,N/A,N/A,N/A,N/A
67,2403,Muma,Winston,00:32:40,991,48.72%,14.56%,4.59,4.9,3.37,120,0,-8.72,9.09%,8%,0%,1334,N/A,N/A,N/A,N/A,N/A
68,2403,Muma,Orisa,00:09:16,978,66.67%,11.11%,4.32,4.32,2.16,159,0,33.33,0%,0%,0%,923,N/A,N/A,N/A,N/A,N/A
69,2403,LiNkzr,Mccree,00:08:24,958,55.56%,26.32%,11.9,9.52,3.57,71,0,-5.56,0%,33%,11%,979,N/A,N/A,N/A,N/A,N/A
70,2403,Mano,Orisa,00:06:36,955,28.57%,10%,3.03,4.55,3.03,132,0,-28.57,0%,0%,0%,797,N/A,N/A,N/A,N/A,N/A
71,2403,coolmatt,D.Va,00:47:59,949,49.12%,20.13%,6.46,5.84,0,0,0,0,0%,9%,4%,1539,N/A,N/A,N/A,N/A,N/A
72,2403,Rawkus,Zenyatta,00:36:51,903,50%,8.55%,2.71,7.06,3.8,99,0,0,0%,5%,9%,984,N/A,N/A,N/A,N/A,N/A
73,2403,MekO,D.Va,00:41:09,901,52%,14.63%,5.83,4.37,0,0,0,0,0%,10%,0%,656,N/A,N/A,N/A,N/A,N/A
74,2403,LiNkzr,Roadhog,00:05:20,887,75%,7.69%,1.88,3.75,3.75,138,0,-25,0%,13%,0%,1061,N/A,N/A,N/A,N/A,N/A
75,2403,JAKE,Soldier: 76,00:07:20,872,25%,22.73%,6.82,10.91,4.09,96,0,8.33,0%,38%,13%,1315,N/A,N/A,N/A,N/A,N/A
76,2403,Saebyeolbe,Widowmaker,00:08:17,867,22.22%,34.78%,9.66,9.66,4.83,99,0,77.78,50%,11%,22%,920,N/A,N/A,N/A,N/A,N/A
77,2403,JAKE,Pharah,00:07:23,836,40%,22.73%,6.77,6.77,2.71,110,0,10,0%,10%,20%,950,N/A,N/A,N/A,N/A,N/A
78,2403,janus,Winston,00:19:14,830,66.67%,10.98%,4.68,6.76,3.12,127,0,0,0%,0%,13%,893,N/A,N/A,N/A,N/A,N/A
79,2403,LiNkzr,Tracer,00:05:01,781,60%,14.29%,3.99,9.97,3.99,69,0,0,100%,20%,0%,981,N/A,N/A,N/A,N/A,N/A
80,2403,JAKE,Junkrat,00:22:07,728,61.54%,28%,9.5,8.59,5.43,85,0,-17.09,8.33%,31%,15%,887,N/A,N/A,N/A,N/A,N/A
81,2403,Muma,Roadhog,00:06:04,626,16.67%,13.33%,3.3,9.89,4.95,91,0,16.67,0%,0%,0%,396,N/A,N/A,N/A,N/A,N/A
82,2403,Libero,Junkrat,00:12:11,611,28.57%,27.27%,7.39,9.03,4.1,107,0,-3.57,20%,7%,36%,694,N/A,N/A,N/A,N/A,N/A
83,2403,MekO,Zenyatta,00:00:01,NED,0%,0%,0,0,0,0,0,0,0%,0%,0%,1000,N/A,N/A,N/A,N/A,N/A
84,2403,coolmatt,Sombra,00:00:01,NED,0%,0%,0,0,0,0,0,0,0%,0%,0%,1001,N/A,N/A,N/A,N/A,N/A
85,2403,clockwork,Soldier: 76,00:02:37,NED,50%,33.33%,11.46,7.64,3.82,101,0,-50,0%,0%,25%,797,N/A,N/A,N/A,N/A,N/A
86,2403,Rawkus,Ana,00:03:54,NED,33.33%,0%,0,7.69,2.56,107,0,-33.33,0%,0%,17%,971,N/A,N/A,N/A,N/A,N/A
87,2403,Rawkus,Bastion,00:03:42,NED,66.67%,26.67%,10.81,10.81,2.7,151,0,33.33,0%,0%,67%,544,N/A,N/A,N/A,N/A,N/A
88,2403,Rawkus,Roadhog,00:01:51,NED,66.67%,16.67%,5.41,5.41,5.41,92,0,-66.67,0%,0%,0%,1142,N/A,N/A,N/A,N/A,N/A
89,2403,Rawkus,Soldier: 76,00:01:42,NED,0%,0%,0,11.76,0,0,0,0,0%,0%,0%,1154,N/A,N/A,N/A,N/A,N/A
90,2403,LiNkzr,Reaper,00:03:24,NED,50%,30.77%,11.76,5.88,2.94,109,0,0,0%,0%,0%,1044,N/A,N/A,N/A,N/A,N/A
91,2403,JAKE,Hanzo,00:02:49,NED,66.67%,33.33%,10.65,3.55,3.55,77,0,33.33,0%,33%,0%,984,N/A,N/A,N/A,N/A,N/A
92,2403,JAKE,Tracer,00:00:06,NED,0%,0%,0,0,0,0,0,0,0%,0%,0%,990,N/A,N/A,N/A,N/A,N/A
93,2403,Pine,Mccree,00:04:38,NED,60%,50%,21.58,6.47,4.32,74,0,40,0%,0%,20%,1254,N/A,N/A,N/A,N/A,N/A
94,2403,Pine,Widowmaker,00:03:37,NED,60%,29.41%,13.82,11.06,5.53,84,0,40,50%,20%,60%,1072,N/A,N/A,N/A,N/A,N/A
95,2403,Libero,Hanzo,00:00:40,NED,0%,0%,0,15,0,0,0,0,0%,0%,50%,921,N/A,N/A,N/A,N/A,N/A
96,2403,Libero,Pharah,00:02:56,NED,80%,33.33%,17.05,3.41,3.41,98,0,-80,0%,60%,0%,1287,N/A,N/A,N/A,N/A,N/A
97,2403,Libero,Tracer,00:00:20,NED,0%,0%,0,0,0,0,0,0,0%,0%,0%,981,N/A,N/A,N/A,N/A,N/A
98,2403,Mano,Mei,00:00:40,NED,0%,33.33%,30,15,0,0,0,0,0%,0%,0%,686,N/A,N/A,N/A,N/A,N/A
99,2403,Bani,Lucio,00:00:05,NED,0%,0%,0,0,0,0,0,0,0%,0%,0%,1002,N/A,N/A,N/A,N/A,N/A
100,2403,ArK,Lucio,00:00:37,NED,0%,0%,0,0,0,0,0,0,0%,0%,0%,1006,N/A,N/A,N/A,N/A,N/A
101,2403,JJoNak,Bastion,00:00:39,NED,0%,0%,0,0,0,0,0,0,0%,0%,0%,987,N/A,N/A,N/A,N/A,N/A
102,2404,Fleta,Widowmaker,00:22:53,1476,61.54%,39.78%,16.17,4.37,4.81,83,0,18.46,9.09%,58%,0%,1565,N/A,N/A,N/A,N/A,N/A
103,2404,Wekeed,Junkrat,00:17:40,1229,68.18%,32.56%,15.85,6.79,3.96,105,0,31.82,0%,27%,5%,1479,N/A,N/A,N/A,N/A,N/A
104,2404,Surefour,Tracer,00:05:40,1218,62.5%,27.78%,8.82,5.29,7.06,48,0,4.17,0%,13%,13%,1800,N/A,N/A,N/A,N/A,N/A
105,2404,ryujehong,Zenyatta,00:31:30,1177,62.16%,12.06%,5.4,5.71,3.49,99,0,-6.61,10%,3%,14%,824,N/A,N/A,N/A,N/A,N/A
106,2404,zunba,D.Va,00:44:42,1128,58.93%,20.4%,9.17,5.37,0,0,0,0,0%,5%,0%,859,N/A,N/A,N/A,N/A,N/A
107,2404,Fleta,Reaper,00:06:34,1118,66.67%,35.71%,15.23,7.61,4.57,91,0,0,0%,50%,17%,1118,N/A,N/A,N/A,N/A,N/A
108,2404,BigG00se,Lucio,00:16:04,1104,35%,10.34%,3.73,5.6,3.11,114,0,15,0%,5%,0%,1020,N/A,N/A,N/A,N/A,N/A
109,2404,tobi,Mercy,00:43:37,1056,59.62%,0.53%,0.23,4.13,3.9,120,0,16.86,5.88%,0%,4%,1464,N/A,N/A,N/A,N/A,N/A
110,2404,KuKi,Winston,00:43:33,1039,58.18%,13.85%,6.2,6.2,3.9,104,0,4.32,5.88%,0%,5%,1095,N/A,N/A,N/A,N/A,N/A
111,2404,Surefour,Pharah,00:05:04,1036,28.57%,26.32%,9.87,5.92,1.97,80,0,0,0%,0%,14%,1232,N/A,N/A,N/A,N/A,N/A
112,2404,zunba,Roadhog,00:08:46,1022,33.33%,12%,3.42,4.56,3.42,84,0,0,0%,0%,0%,1486,N/A,N/A,N/A,N/A,N/A
113,2404,Bunny,Tracer,00:24:01,996,53.57%,19.79%,7.91,5.41,7.08,69,0,33.93,15.38%,11%,4%,1068,N/A,N/A,N/A,N/A,N/A
114,2404,Shaz,Zenyatta,00:37:52,975,43.75%,11.68%,4.23,7.39,3.7,102,0,1.7,0%,10%,10%,813,N/A,N/A,N/A,N/A,N/A
115,2404,Surefour,Soldier: 76,00:13:42,971,26.67%,30.77%,8.76,6.57,4.38,80,0,13.33,0%,7%,13%,460,N/A,N/A,N/A,N/A,N/A
116,2404,Bischu,D.Va,00:53:28,947,38.46%,21.93%,7.67,5.8,0,0,0,0,0%,15%,0%,915,N/A,N/A,N/A,N/A,N/A
117,2404,Fleta,Genji,00:06:28,925,25%,36.84%,10.82,10.82,4.64,103,0,41.67,0%,13%,25%,897,N/A,N/A,N/A,N/A,N/A
118,2404,Hydration,Genji,00:27:11,920,50%,23.36%,9.2,6.99,4.05,109,0,10,9.09%,3%,6%,1073,N/A,N/A,N/A,N/A,N/A
119,2404,Fleta,Pharah,00:08:05,918,63.64%,21.05%,9.9,3.71,4.95,90,0,36.36,0%,18%,18%,286,N/A,N/A,N/A,N/A,N/A
120,2404,Shaz,Moira,00:05:00,910,20%,0%,0,8,6,65,0,-20,33.33%,0%,20%,1043,N/A,N/A,N/A,N/A,N/A
121,2404,Hydration,Roadhog,00:08:00,862,25%,22.22%,5,7.5,3.75,96,0,-25,0%,13%,13%,1078,N/A,N/A,N/A,N/A,N/A
122,2404,Asher,Tracer,00:27:59,858,42.86%,18.42%,7.5,6.43,5,85,0,2.6,0%,9%,14%,1230,N/A,N/A,N/A,N/A,N/A
123,2404,ryujehong,Mercy,00:05:04,851,57.14%,4.35%,1.97,7.89,3.95,115,0,0,0%,0%,0%,1222,N/A,N/A,N/A,N/A,N/A
124,2404,iRemiix,Winston,00:48:36,811,40%,17.05%,6.17,7.2,3.5,114,0,2.86,12.5%,7%,8%,556,N/A,N/A,N/A,N/A,N/A
125,2404,KuKi,Orisa,00:09:45,810,40%,14.81%,4.1,8.21,1.03,194,0,60,0%,0%,10%,835,N/A,N/A,N/A,N/A,N/A
126,2404,tobi,Lucio,00:09:38,807,38.46%,8.57%,3.11,8.3,3.11,117,0,-38.46,33.33%,0%,23%,710,N/A,N/A,N/A,N/A,N/A
127,2404,Hydration,Doomfist,00:07:20,760,33.33%,20%,8.18,13.64,2.73,121,0,16.67,0%,11%,22%,1035,N/A,N/A,N/A,N/A,N/A
128,2404,BigG00se,Mercy,00:37:06,684,40%,1.55%,0.54,6.74,2.96,115,0,30,9.09%,0%,9%,823,N/A,N/A,N/A,N/A,N/A
129,2404,Wekeed,Tracer,00:06:48,646,25%,21.05%,5.88,11.76,5.88,63,0,0,0%,0%,25%,361,N/A,N/A,N/A,N/A,N/A
130,2404,ryujehong,Ana,00:04:16,NED,80%,8%,4.69,2.34,4.69,66,0,20,0%,0%,0%,603,N/A,N/A,N/A,N/A,N/A
131,2404,ryujehong,Doomfist,00:00:36,NED,100%,0%,0,16.67,0,0,0,0,0%,0%,100%,837,N/A,N/A,N/A,N/A,N/A
132,2404,ryujehong,Hanzo,00:00:05,NED,0%,0%,0,0,0,0,0,0,0%,0%,0%,994,N/A,N/A,N/A,N/A,N/A
133,2404,ryujehong,Lucio,00:03:05,NED,40%,0%,0,3.24,3.24,140,0,-40,0%,0%,20%,265,N/A,N/A,N/A,N/A,N/A
134,2404,ryujehong,Mei,00:04:02,NED,25%,0%,0,9.92,2.48,98,0,-25,0%,0%,0%,990,N/A,N/A,N/A,N/A,N/A
135,2404,ryujehong,Moira,00:03:45,NED,16.67%,0%,0,10.67,2.67,98,0,0,100%,0%,33%,791,N/A,N/A,N/A,N/A,N/A
136,2404,ryujehong,Soldier: 76,00:00:52,NED,0%,9.09%,11.54,11.54,0,0,0,0,0%,0%,0%,1095,N/A,N/A,N/A,N/A,N/A
137,2404,ryujehong,Zarya,00:00:13,NED,0%,0%,0,0,0,0,0,0,0%,0%,0%,994,N/A,N/A,N/A,N/A,N/A
138,2404,tobi,Soldier: 76,00:00:13,NED,0%,0%,0,0,0,0,0,0,0%,0%,0%,991,N/A,N/A,N/A,N/A,N/A
139,2404,KuKi,Zarya,00:00:10,NED,0%,0%,0,0,0,0,0,0,0%,0%,0%,995,N/A,N/A,N/A,N/A,N/A
140,2404,Surefour,Genji,00:00:16,NED,0%,0%,0,37.5,0,0,0,0,0%,0%,100%,971,N/A,N/A,N/A,N/A,N/A
141,2404,Surefour,Mccree,00:00:30,NED,0%,50%,40,20,0,0,0,0,0%,0%,0%,758,N/A,N/A,N/A,N/A,N/A
142,2404,Surefour,Mei,00:00:24,NED,0%,0%,0,25,0,0,0,0,0%,0%,0%,1029,N/A,N/A,N/A,N/A,N/A
143,2404,Surefour,Widowmaker,00:04:05,NED,20%,30%,7.35,7.35,4.9,95,0,-20,0%,0%,40%,791,N/A,N/A,N/A,N/A,N/A
144,2404,Surefour,Zarya,00:04:57,NED,20%,27.27%,6.06,8.08,2.02,147,0,-20,0%,0%,20%,964,N/A,N/A,N/A,N/A,N/A
145,2404,iRemiix,Reinhardt,00:04:52,NED,20%,18.18%,4.11,8.22,4.11,75,0,-20,0%,0%,20%,762,N/A,N/A,N/A,N/A,N/A
146,2404,Shaz,Ana,00:04:55,NED,25%,5%,2.03,8.14,4.07,85,0,25,0%,0%,25%,1296,N/A,N/A,N/A,N/A,N/A
147,2404,Shaz,Hanzo,00:00:11,NED,0%,0%,0,0,0,0,0,0,0%,0%,0%,991,N/A,N/A,N/A,N/A,N/A
148,2404,Shaz,Mei,00:00:26,NED,0%,0%,0,23.08,0,0,0,0,0%,0%,0%,1028,N/A,N/A,N/A,N/A,N/A
149,2404,Shaz,Mercy,00:04:52,NED,28.57%,5.26%,2.05,10.27,4.11,105,0,-28.57,50%,0%,29%,1434,N/A,N/A,N/A,N/A,N/A
150,2404,Shaz,Soldier: 76,00:00:12,NED,0%,0%,0,0,0,0,0,0,0%,0%,0%,992,N/A,N/A,N/A,N/A,N/A
151,2404,Fleta,Mccree,00:04:24,NED,71.43%,10.71%,6.82,9.09,4.55,82,0,28.57,0%,29%,14%,1453,N/A,N/A,N/A,N/A,N/A
152,2404,Fleta,Sombra,00:04:10,NED,16.67%,30%,7.2,2.4,4.8,78,0,33.33,0%,0%,0%,902,N/A,N/A,N/A,N/A,N/A
153,2404,Fleta,Tracer,00:00:54,NED,100%,10%,11.11,11.11,11.11,35,0,0,0%,0%,0%,1189,N/A,N/A,N/A,N/A,N/A
154,2404,Hydration,Junkrat,00:01:48,NED,0%,66.67%,11.11,5.56,5.56,82,0,0,0%,0%,0%,787,N/A,N/A,N/A,N/A,N/A
155,2404,BigG00se,Tracer,00:00:18,NED,0%,0%,0,33.33,0,0,0,0,0%,0%,0%,972,N/A,N/A,N/A,N/A,N/A
156,2404,Wekeed,Genji,00:04:11,NED,50%,18.75%,7.17,7.17,4.78,84,0,0,0%,17%,0%,1353,N/A,N/A,N/A,N/A,N/A
157,2404,Wekeed,Soldier: 76,00:00:48,NED,100%,33.33%,37.5,0,0,0,0,0,0%,0%,0%,1137,N/A,N/A,N/A,N/A,N/A
158,2403,JJoNak,Zenyatta,00:47:21,1276,50.91%,12.5%,4.86,4.44,4.01,87,0,13.8,10.53%,7%,11%,762,N/A,N/A,N/A,N/A,N/A
159,2403,Saebyeolbe,Tracer,00:32:17,1174,52.63%,28.15%,11.77,4.65,5.27,100,0,31.98,0%,11%,8%,1265,N/A,N/A,N/A,N/A,N/A
160,2403,Libero,Soldier: 76,00:07:17,1058,71.43%,27.59%,10.98,5.49,4.12,89,0,28.57,0%,14%,29%,635,N/A,N/A,N/A,N/A,N/A
161,2403,clockwork,Tracer,00:16:37,1055,30%,31.25%,9.03,6.62,5.42,61,0,-15.71,0%,10%,5%,1293,N/A,N/A,N/A,N/A,N/A
162,2403,Bani,Mercy,00:47:55,1041,49.12%,0.65%,0.21,5.01,3.97,103,0,0.88,0%,0%,4%,1403,N/A,N/A,N/A,N/A,N/A
163,2403,MekO,Roadhog,00:06:50,1039,28.57%,25%,7.32,7.32,2.93,77,0,-28.57,0%,14%,0%,1438,N/A,N/A,N/A,N/A,N/A
164,2403,Mano,Winston,00:21:30,1037,38.46%,18.42%,6.51,6.51,3.26,114,0,11.54,14.29%,0%,8%,1328,N/A,N/A,N/A,N/A,N/A
165,2403,Libero,Genji,00:16:21,1036,47.37%,20.9%,8.56,5.5,3.67,92,0,19.3,0%,11%,5%,935,N/A,N/A,N/A,N/A,N/A
166,2403,ArK,Mercy,00:47:23,1035,49.12%,0.56%,0.21,4.22,3.8,103,0,29.45,5.88%,0%,7%,653,N/A,N/A,N/A,N/A,N/A
167,2403,Saebyeolbe,Mccree,00:07:26,1002,60%,26.92%,9.42,4.04,2.69,82,0,40,50%,0%,10%,714,N/A,N/A,N/A,N/A,N/A
168,2403,LiNkzr,Widowmaker,00:14:52,1001,47.06%,37.78%,11.43,6.73,3.36,99,0,-27.06,0%,24%,12%,944,N/A,N/A,N/A,N/A,N/A
169,2403,Muma,Winston,00:32:40,991,48.72%,14.56%,4.59,4.9,3.37,120,0,-8.72,9.09%,8%,0%,1334,N/A,N/A,N/A,N/A,N/A
170,2403,Muma,Orisa,00:09:16,978,66.67%,11.11%,4.32,4.32,2.16,159,0,33.33,0%,0%,0%,923,N/A,N/A,N/A,N/A,N/A
171,2403,LiNkzr,Mccree,00:08:24,958,55.56%,26.32%,11.9,9.52,3.57,71,0,-5.56,0%,33%,11%,979,N/A,N/A,N/A,N/A,N/A
172,2403,Mano,Orisa,00:06:36,955,28.57%,10%,3.03,4.55,3.03,132,0,-28.57,0%,0%,0%,797,N/A,N/A,N/A,N/A,N/A
173,2403,coolmatt,D.Va,00:47:59,949,49.12%,20.13%,6.46,5.84,0,0,0,0,0%,9%,4%,1539,N/A,N/A,N/A,N/A,N/A
174,2403,Rawkus,Zenyatta,00:36:51,903,50%,8.55%,2.71,7.06,3.8,99,0,0,0%,5%,9%,984,N/A,N/A,N/A,N/A,N/A
175,2403,MekO,D.Va,00:41:09,901,52%,14.63%,5.83,4.37,0,0,0,0,0%,10%,0%,656,N/A,N/A,N/A,N/A,N/A
176,2403,LiNkzr,Roadhog,00:05:20,887,75%,7.69%,1.88,3.75,3.75,138,0,-25,0%,13%,0%,1061,N/A,N/A,N/A,N/A,N/A
177,2403,JAKE,Soldier: 76,00:07:20,872,25%,22.73%,6.82,10.91,4.09,96,0,8.33,0%,38%,13%,1315,N/A,N/A,N/A,N/A,N/A
178,2403,Saebyeolbe,Widowmaker,00:08:17,867,22.22%,34.78%,9.66,9.66,4.83,99,0,77.78,50%,11%,22%,920,N/A,N/A,N/A,N/A,N/A
179,2403,JAKE,Pharah,00:07:23,836,40%,22.73%,6.77,6.77,2.71,110,0,10,0%,10%,20%,950,N/A,N/A,N/A,N/A,N/A
180,2403,janus,Winston,00:19:14,830,66.67%,10.98%,4.68,6.76,3.12,127,0,0,0%,0%,13%,893,N/A,N/A,N/A,N/A,N/A
181,2403,LiNkzr,Tracer,00:05:01,781,60%,14.29%,3.99,9.97,3.99,69,0,0,100%,20%,0%,981,N/A,N/A,N/A,N/A,N/A
182,2403,JAKE,Junkrat,00:22:07,728,61.54%,28%,9.5,8.59,5.43,85,0,-17.09,8.33%,31%,15%,887,N/A,N/A,N/A,N/A,N/A
183,2403,Muma,Roadhog,00:06:04,626,16.67%,13.33%,3.3,9.89,4.95,91,0,16.67,0%,0%,0%,396,N/A,N/A,N/A,N/A,N/A
184,2403,Libero,Junkrat,00:12:11,611,28.57%,27.27%,7.39,9.03,4.1,107,0,-3.57,20%,7%,36%,694,N/A,N/A,N/A,N/A,N/A
185,2403,MekO,Zenyatta,00:00:01,NED,0%,0%,0,0,0,0,0,0,0%,0%,0%,1000,N/A,N/A,N/A,N/A,N/A
186,2403,coolmatt,Sombra,00:00:01,NED,0%,0%,0,0,0,0,0,0,0%,0%,0%,1001,N/A,N/A,N/A,N/A,N/A
187,2403,clockwork,Soldier: 76,00:02:37,NED,50%,33.33%,11.46,7.64,3.82,101,0,-50,0%,0%,25%,797,N/A,N/A,N/A,N/A,N/A
188,2403,Rawkus,Ana,00:03:54,NED,33.33%,0%,0,7.69,2.56,107,0,-33.33,0%,0%,17%,971,N/A,N/A,N/A,N/A,N/A
189,2403,Rawkus,Bastion,00:03:42,NED,66.67%,26.67%,10.81,10.81,2.7,151,0,33.33,0%,0%,67%,544,N/A,N/A,N/A,N/A,N/A
190,2403,Rawkus,Roadhog,00:01:51,NED,66.67%,16.67%,5.41,5.41,5.41,92,0,-66.67,0%,0%,0%,1142,N/A,N/A,N/A,N/A,N/A
191,2403,Rawkus,Soldier: 76,00:01:42,NED,0%,0%,0,11.76,0,0,0,0,0%,0%,0%,1154,N/A,N/A,N/A,N/A,N/A
192,2403,LiNkzr,Reaper,00:03:24,NED,50%,30.77%,11.76,5.88,2.94,109,0,0,0%,0%,0%,1044,N/A,N/A,N/A,N/A,N/A
193,2403,JAKE,Hanzo,00:02:49,NED,66.67%,33.33%,10.65,3.55,3.55,77,0,33.33,0%,33%,0%,984,N/A,N/A,N/A,N/A,N/A
194,2403,JAKE,Tracer,00:00:06,NED,0%,0%,0,0,0,0,0,0,0%,0%,0%,990,N/A,N/A,N/A,N/A,N/A
195,2403,Pine,Mccree,00:04:38,NED,60%,50%,21.58,6.47,4.32,74,0,40,0%,0%,20%,1254,N/A,N/A,N/A,N/A,N/A
196,2403,Pine,Widowmaker,00:03:37,NED,60%,29.41%,13.82,11.06,5.53,84,0,40,50%,20%,60%,1072,N/A,N/A,N/A,N/A,N/A
197,2403,Libero,Hanzo,00:00:40,NED,0%,0%,0,15,0,0,0,0,0%,0%,50%,921,N/A,N/A,N/A,N/A,N/A
198,2403,Libero,Pharah,00:02:56,NED,80%,33.33%,17.05,3.41,3.41,98,0,-80,0%,60%,0%,1287,N/A,N/A,N/A,N/A,N/A
199,2403,Libero,Tracer,00:00:20,NED,0%,0%,0,0,0,0,0,0,0%,0%,0%,981,N/A,N/A,N/A,N/A,N/A
200,2403,Mano,Mei,00:00:40,NED,0%,33.33%,30,15,0,0,0,0,0%,0%,0%,686,N/A,N/A,N/A,N/A,N/A
201,2403,Bani,Lucio,00:00:05,NED,0%,0%,0,0,0,0,0,0,0%,0%,0%,1002,N/A,N/A,N/A,N/A,N/A
202,2403,ArK,Lucio,00:00:37,NED,0%,0%,0,0,0,0,0,0,0%,0%,0%,1006,N/A,N/A,N/A,N/A,N/A
203,2403,JJoNak,Bastion,00:00:39,NED,0%,0%,0,0,0,0,0,0,0%,0%,0%,987,N/A,N/A,N/A,N/A,N/A
204,2402,Fury,D.Va,00:43:18,1468,75%,21.11%,8.78,3.23,0,0,0,0,0%,8%,0%,1467,N/A,N/A,N/A,N/A,N/A
205,2402,Profit,Tracer,00:17:35,1355,100%,20.69%,10.24,2.27,6.82,65,0,0,0%,25%,5%,1585,N/A,N/A,N/A,N/A,N/A
206,2402,Bdosin,Ana,00:05:24,1349,87.5%,12.5%,5.56,3.7,3.7,83,0,-37.5,0%,0%,0%,855,N/A,N/A,N/A,N/A,N/A
207,2402,Birdring,Widowmaker,00:09:50,1306,100%,24.49%,12.2,1.02,4.07,86,0,0,25%,28%,0%,1456,N/A,N/A,N/A,N/A,N/A
208,2402,Bdosin,Zenyatta,00:36:02,1298,86.67%,12.28%,5.83,4.16,3.61,116,0,13.33,0%,16%,4%,1007,N/A,N/A,N/A,N/A,N/A
209,2402,Profit,Junkrat,00:05:14,1279,90%,31.82%,13.38,1.91,3.82,93,0,10,0%,40%,0%,1363,N/A,N/A,N/A,N/A,N/A
210,2402,Birdring,Tracer,00:14:56,1263,64.71%,26.56%,11.38,5.36,6.03,57,0,15.29,0%,18%,6%,1380,N/A,N/A,N/A,N/A,N/A
211,2402,Profit,Genji,00:11:22,1252,64.29%,25.86%,13.2,5.28,4.4,82,0,10.71,0%,7%,7%,1365,N/A,N/A,N/A,N/A,N/A
212,2402,Gesture,Winston,00:31:43,1156,83.33%,16.55%,7.57,5.04,4.1,113,0,8.33,0%,8%,17%,930,N/A,N/A,N/A,N/A,N/A
213,2402,Gesture,Reinhardt,00:11:35,1138,56.25%,17.14%,5.18,6.04,4.32,84,0,43.75,0%,19%,6%,1383,N/A,N/A,N/A,N/A,N/A
214,2402,Nus,Mercy,00:39:49,1118,86.54%,1.09%,0.5,3.26,3.52,103,0,2.35,7.69%,0%,2%,762,N/A,N/A,N/A,N/A,N/A
215,2402,Birdring,Soldier: 76,00:08:50,1109,100%,17.95%,7.92,2.26,3.4,112,0,0,0%,0%,0%,1054,N/A,N/A,N/A,N/A,N/A
216,2402,ShaDowBurn,Junkrat,00:07:29,1102,40%,44.44%,10.69,5.35,4.01,61,0,10,33.33%,40%,0%,1162,N/A,N/A,N/A,N/A,N/A
217,2402,Birdring,Mccree,00:08:21,1077,62.5%,33.33%,13.17,7.19,4.79,87,0,4.17,0%,13%,25%,1187,N/A,N/A,N/A,N/A,N/A
218,2402,Bdosin,Moira,00:06:19,1037,25%,0%,0,3.17,4.75,68,0,0,33.33%,0%,0%,1113,N/A,N/A,N/A,N/A,N/A
219,2402,Fragi,Reinhardt,00:12:37,1007,43.75%,19.23%,7.93,7.93,4.76,81,0,-10.42,16.67%,0%,25%,563,N/A,N/A,N/A,N/A,N/A
220,2402,ShaDowBurn,Tracer,00:07:59,959,40%,21.88%,8.77,8.77,5.01,68,0,10,33.33%,10%,10%,1348,N/A,N/A,N/A,N/A,N/A
221,2402,Profit,Zarya,00:05:13,954,33.33%,40%,3.83,5.75,1.92,170,0,-33.33,0%,17%,0%,1566,N/A,N/A,N/A,N/A,N/A
222,2402,Poko,D.Va,00:47:45,866,19.67%,24.78%,5.86,5.24,0,0,0,0,0%,8%,3%,1007,N/A,N/A,N/A,N/A,N/A
223,2402,Carpe,Widowmaker,00:19:51,851,35.71%,28.07%,8.06,5.54,5.04,89,0,4.29,60%,4%,11%,664,N/A,N/A,N/A,N/A,N/A
224,2402,Boombox,Zenyatta,00:32:28,721,25.58%,7.78%,2.16,7.7,3.7,112,0,7.75,0%,2%,9%,802,N/A,N/A,N/A,N/A,N/A
225,2402,Nus,Lucio,00:07:48,664,33.33%,5.88%,1.28,7.69,2.56,151,0,66.67,0%,0%,44%,318,N/A,N/A,N/A,N/A,N/A
226,2402,Boombox,Lucio,00:10:56,661,0%,0%,0,6.4,1.83,181,0,0,0%,0%,0%,877,N/A,N/A,N/A,N/A,N/A
227,2402,Dayfly,Mercy,00:47:45,644,19.67%,0%,0,6.7,3.56,110,0,-5.39,5.88%,0%,13%,506,N/A,N/A,N/A,N/A,N/A
228,2402,ShaDowBurn,Genji,00:27:41,643,10.81%,26.92%,5.06,7.22,3.25,100,0,14.19,0%,11%,19%,43,N/A,N/A,N/A,N/A,N/A
229,2402,Carpe,Tracer,00:21:34,476,7.14%,34.29%,5.56,9.27,3.71,86,0,-7.14,16.67%,7%,32%,578,N/A,N/A,N/A,N/A,N/A
230,2402,Fragi,Winston,00:30:39,390,4.88%,8.7%,1.31,10.11,2.61,120,0,-4.88,14.29%,0%,5%,1136,N/A,N/A,N/A,N/A,N/A
231,2402,Birdring,Genji,00:01:31,NED,100%,36.36%,26.37,0,6.59,80,0,0,0%,0%,0%,943,N/A,N/A,N/A,N/A,N/A
232,2402,Birdring,Hanzo,00:00:06,NED,0%,0%,0,0,0,0,0,0,0%,0%,0%,994,N/A,N/A,N/A,N/A,N/A
233,2402,Birdring,Roadhog,00:04:11,NED,33.33%,20%,2.39,4.78,2.39,92,0,66.67,0%,0%,17%,964,N/A,N/A,N/A,N/A,N/A
234,2402,ShaDowBurn,Pharah,00:04:36,NED,0%,27.27%,6.52,6.52,2.17,112,0,0,0%,25%,0%,997,N/A,N/A,N/A,N/A,N/A
235,2402,Fragi,Orisa,00:04:29,NED,75%,6.67%,2.23,4.46,2.23,139,0,-75,0%,25%,25%,945,N/A,N/A,N/A,N/A,N/A
236,2402,Nus,Hanzo,00:00:08,NED,0%,0%,0,0,0,0,0,0,0%,0%,0%,993,N/A,N/A,N/A,N/A,N/A
237,2402,Carpe,Doomfist,00:01:01,NED,0%,0%,0,9.84,0,0,0,0,0%,0%,0%,977,N/A,N/A,N/A,N/A,N/A
238,2402,Carpe,Mccree,00:01:20,NED,0%,0%,0,15,0,0,0,0,0%,0%,0%,1038,N/A,N/A,N/A,N/A,N/A
239,2402,Carpe,Soldier: 76,00:03:59,NED,0%,13.33%,5.02,10.04,2.51,65,0,0,0%,0%,0%,648,N/A,N/A,N/A,N/A,N/A
240,2402,Fury,Roadhog,00:04:27,NED,100%,19.05%,8.99,0,2.25,155,0,0,0%,0%,0%,901,N/A,N/A,N/A,N/A,N/A
241,2402,Boombox,Ana,00:01:11,NED,0%,0%,0,8.45,8.45,47,0,0,0%,0%,0%,931,N/A,N/A,N/A,N/A,N/A
242,2402,Boombox,Moira,00:03:09,NED,50%,14.29%,3.17,6.35,0,0,0,0,0%,0%,0%,107,N/A,N/A,N/A,N/A,N/A
243,2402,Boombox,Soldier: 76,00:00:01,NED,0%,0%,0,0,0,0,0,0,0%,0%,0%,998,N/A,N/A,N/A,N/A,N/A
244,2402,Gesture,Orisa,00:04:27,NED,100%,4.76%,2.25,2.25,2.25,195,0,0,0%,11%,0%,1463,N/A,N/A,N/A,N/A,N/A
245,2402,Profit,Reaper,00:04:45,NED,85.71%,30%,12.63,4.21,4.21,96,0,-35.71,0%,29%,0%,1138,N/A,N/A,N/A,N/A,N/A
246,2402,Profit,Soldier: 76,00:03:08,NED,66.67%,11.11%,3.19,3.19,3.19,176,0,33.33,0%,0%,0%,595,N/A,N/A,N/A,N/A,N/A
247,2402,Profit,Widowmaker,00:00:28,NED,0%,0%,0,21.43,0,0,0,0,0%,0%,0%,990,N/A,N/A,N/A,N/A,N/A
248,2401,babybay,Soldier: 76,00:13:39,1334,64.71%,32.79%,14.65,5.13,5.13,79,0,18.63,14.29%,18%,12%,894,N/A,N/A,N/A,N/A,N/A
249,2401,Sleepy,Zenyatta,00:32:41,1297,51.22%,17.07%,6.43,5.81,3.67,98,0,4.34,8.33%,7%,7%,920,N/A,N/A,N/A,N/A,N/A
250,2401,Danteh,Junkrat,00:09:27,1288,66.67%,47.06%,16.93,6.35,5.29,69,0,0,0%,42%,8%,1357,N/A,N/A,N/A,N/A,N/A
251,2401,dhaK,Mercy,00:39:51,1223,52.94%,0%,0,3.01,3.26,99,0,27.06,0%,0%,2%,738,N/A,N/A,N/A,N/A,N/A
252,2401,Nevix,D.Va,00:36:33,1160,50%,20%,7.93,4.1,0,0,0,0,0%,11%,4%,819,N/A,N/A,N/A,N/A,N/A
253,2401,Diya,Junkrat,00:08:01,1130,63.64%,40%,12.47,2.49,3.74,82,0,36.36,0%,18%,9%,531,N/A,N/A,N/A,N/A,N/A
254,2401,uNdeAD,Soldier: 76,00:15:45,1128,31.58%,42.11%,10.16,5.71,5.71,87,0,5.92,0%,11%,0%,885,N/A,N/A,N/A,N/A,N/A
255,2401,uNdeAD,Widowmaker,00:21:09,1099,44.83%,48.44%,14.66,7.09,5.2,96,0,-1.97,36.36%,28%,7%,884,N/A,N/A,N/A,N/A,N/A
256,2401,Altering,Mercy,00:43:27,1066,39.29%,0.78%,0.23,4.14,4.14,112,0,-1.79,0%,0%,4%,1273,N/A,N/A,N/A,N/A,N/A
257,2401,Danteh,Tracer,00:30:58,1055,48.78%,23.02%,9.36,4.84,6.14,69,0,20.45,0%,7%,12%,605,N/A,N/A,N/A,N/A,N/A
258,2401,nomy,Orisa,00:14:33,1048,68.42%,9.84%,4.12,4.12,3.44,133,0,6.58,0%,16%,0%,1089,N/A,N/A,N/A,N/A,N/A
259,2401,Freefeel,Ana,00:08:58,1039,83.33%,0%,0,3.35,4.46,91,0,-33.33,0%,0%,0%,1286,N/A,N/A,N/A,N/A,N/A
260,2401,dhaK,Lucio,00:05:24,1031,57.14%,4.17%,1.85,5.56,3.7,108,0,-7.14,0%,0%,0%,1352,N/A,N/A,N/A,N/A,N/A
261,2401,babybay,Pharah,00:06:33,1017,50%,28%,10.69,6.11,6.11,87,0,-16.67,0%,38%,0%,1140,N/A,N/A,N/A,N/A,N/A
262,2401,babybay,Widowmaker,00:15:58,998,63.64%,23.53%,10.02,6.26,5.64,79,0,-6.49,11.11%,18%,18%,946,N/A,N/A,N/A,N/A,N/A
263,2401,nomy,Winston,00:30:42,978,46.15%,14.53%,5.54,5.86,3.91,105,0,9.4,8.33%,8%,8%,884,N/A,N/A,N/A,N/A,N/A
264,2401,babybay,Genji,00:06:17,915,0%,27.27%,4.77,7.96,3.18,101,0,0,0%,0%,25%,1164,N/A,N/A,N/A,N/A,N/A
265,2401,uNdeAD,Mccree,00:06:36,906,37.5%,26.92%,10.61,9.09,4.55,74,0,29.17,0%,13%,25%,781,N/A,N/A,N/A,N/A,N/A
266,2401,Roshan,Orisa,00:09:27,883,42.86%,8.7%,2.12,7.41,1.06,136,0,57.14,0%,0%,7%,952,N/A,N/A,N/A,N/A,N/A
267,2401,Diya,Tracer,00:31:52,825,38.46%,21.78%,6.9,7.85,5.96,74,0,14.87,5.56%,13%,18%,1344,N/A,N/A,N/A,N/A,N/A
268,2401,Nevix,Roadhog,00:08:42,769,66.67%,9.09%,3.45,5.75,3.45,102,0,33.33,0%,0%,0%,526,N/A,N/A,N/A,N/A,N/A
269,2401,Xushu,D.Va,00:42:49,724,41.82%,15.04%,4.67,5.61,0,0,0,0,0%,5%,5%,1082,N/A,N/A,N/A,N/A,N/A
270,2401,Freefeel,Zenyatta,00:33:02,664,29.27%,6.38%,1.82,6.96,3.63,122,0,7.1,8.33%,5%,7%,824,N/A,N/A,N/A,N/A,N/A
271,2401,Roshan,Winston,00:35:48,512,38.64%,12.5%,3.91,10.06,3.63,112,0,-18.64,15.38%,2%,20%,836,N/A,N/A,N/A,N/A,N/A
272,2401,Diya,Mccree,00:03:00,NED,0%,0%,0,6.67,3.33,113,0,0,0%,0%,0%,1013,N/A,N/A,N/A,N/A,N/A
273,2401,Diya,Pharah,00:02:22,NED,33.33%,16.67%,4.23,8.45,4.23,91,0,0,0%,0%,0%,1719,N/A,N/A,N/A,N/A,N/A
274,2401,Xushu,Roadhog,00:02:26,NED,0%,50%,4.11,16.44,4.11,121,0,0,0%,0%,67%,-272,N/A,N/A,N/A,N/A,N/A
275,2401,babybay,Tracer,00:02:48,NED,66.67%,15.38%,7.14,7.14,3.57,134,0,33.33,0%,33%,0%,1092,N/A,N/A,N/A,N/A,N/A
276,2401,Sleepy,Ana,00:04:40,NED,42.86%,0%,0,4.29,4.29,104,0,-42.86,50%,0%,0%,957,N/A,N/A,N/A,N/A,N/A
277,2401,Sleepy,Bastion,00:03:02,NED,75%,25%,13.19,3.3,3.3,118,0,25,0%,0%,0%,1000,N/A,N/A,N/A,N/A,N/A
278,2401,Sleepy,Mercy,00:04:27,NED,66.67%,0%,0,4.49,4.49,115,0,-16.67,0%,0%,17%,970,N/A,N/A,N/A,N/A,N/A
279,2401,Sleepy,Moira,00:00:25,NED,0%,0%,0,24,0,0,0,0,0%,0%,0%,1045,N/A,N/A,N/A,N/A,N/A
280,2401,Danteh,Hanzo,00:02:45,NED,100%,26.67%,14.55,7.27,3.64,77,0,0,0%,33%,0%,1230,N/A,N/A,N/A,N/A,N/A
281,2401,Danteh,Soldier: 76,00:02:05,NED,0%,0%,0,9.6,4.8,86,0,0,0%,0%,0%,896,N/A,N/A,N/A,N/A,N/A
282,2401,uNdeAD,Sombra,00:01:45,NED,50%,42.86%,17.14,11.43,5.71,98,0,0,0%,0%,50%,1175,N/A,N/A,N/A,N/A,N/A
283,2401,Freefeel,Bastion,00:01:30,NED,0%,0%,0,13.33,0,0,0,0,0%,0%,33%,968,N/A,N/A,N/A,N/A,N/A
284,2401,Freefeel,Moira,00:01:45,NED,50%,14.29%,5.71,5.71,0,0,0,0,0%,0%,0%,915,N/A,N/A,N/A,N/A,N/A
285,2401,Altering,Lucio,00:01:48,NED,50%,0%,0,5.56,0,0,0,0,0%,0%,0%,1343,N/A,N/A,N/A,N/A,N/A
286,2400,Kellex,Lucio,00:08:17,1484,70%,20.83%,12.07,6.04,2.41,143,0,30,0%,10%,10%,982,N/A,N/A,N/A,N/A,N/A
287,2400,Neko,Zenyatta,00:34:46,1454,63.04%,14.45%,7.19,6.33,3.74,82,0,16.96,23.08%,15%,9%,1285,N/A,N/A,N/A,N/A,N/A
288,2400,Neko,Moira,00:06:32,1378,87.5%,11.9%,7.65,3.06,6.12,71,0,-12.5,0%,25%,0%,1094,N/A,N/A,N/A,N/A,N/A
289,2400,DreamKazper,Roadhog,00:06:32,1277,87.5%,16.67%,10.71,1.53,6.12,81,0,12.5,0%,0%,0%,1096,N/A,N/A,N/A,N/A,N/A
290,2400,Kalios,Zarya,00:06:32,1254,87.5%,21.43%,13.78,6.12,4.59,84,0,12.5,0%,13%,0%,1419,N/A,N/A,N/A,N/A,N/A
291,2400,DreamKazper,Genji,00:17:32,1237,78.26%,23.21%,14.83,3.42,3.42,106,0,21.74,0%,17%,13%,913,N/A,N/A,N/A,N/A,N/A
292,2400,Zuppeh,Mercy,00:15:08,1209,38.1%,1.96%,0.66,4.63,4.63,86,0,21.9,0%,0%,0%,1740,N/A,N/A,N/A,N/A,N/A
293,2400,Gamsu,Winston,00:39:54,1195,56.86%,23.94%,11.28,6.77,3.76,115,0,15.86,6.67%,8%,10%,579,N/A,N/A,N/A,N/A,N/A
294,2400,Gamsu,Reinhardt,00:06:32,1141,87.5%,14.29%,9.18,6.12,4.59,88,0,12.5,0%,13%,13%,935,N/A,N/A,N/A,N/A,N/A
295,2400,TviQ,Reaper,00:05:22,1139,60%,33.33%,14.91,3.73,3.73,125,0,40,0%,20%,0%,1062,N/A,N/A,N/A,N/A,N/A
296,2400,Kalios,D.Va,00:39:54,1121,56.86%,13.83%,6.52,4.26,0,0,0,0,0%,6%,2%,1405,N/A,N/A,N/A,N/A,N/A
297,2400,Striker,Mccree,00:06:32,1120,87.5%,16.67%,10.71,4.59,7.65,69,0,-7.5,0%,13%,0%,1110,N/A,N/A,N/A,N/A,N/A
298,2400,Striker,Tracer,00:39:43,1039,56.86%,21.81%,10.32,4.03,5.04,89,0,7.42,0%,10%,2%,693,N/A,N/A,N/A,N/A,N/A
299,2400,Logix,Tracer,00:31:15,985,37.5%,25.71%,8.64,6.4,6.4,76,0,24.04,0%,13%,15%,1135,N/A,N/A,N/A,N/A,N/A
300,2400,CWoosH,Winston,00:39:18,979,30%,18.03%,5.6,7.63,3.56,104,0,15.45,0%,6%,6%,1336,N/A,N/A,N/A,N/A,N/A
301,2400,Manneten,D.Va,00:37:37,936,29.79%,18.97%,5.85,5.85,0,0,0,0,0%,9%,2%,1779,N/A,N/A,N/A,N/A,N/A
302,2400,Logix,Reaper,00:05:17,929,16.67%,25%,7.57,7.57,3.79,108,0,-16.67,0%,0%,0%,782,N/A,N/A,N/A,N/A,N/A
303,2400,Zebbosai,Zenyatta,00:05:54,927,30%,15.38%,3.39,8.47,3.39,100,0,70,0%,0%,30%,900,N/A,N/A,N/A,N/A,N/A
304,2400,TviQ,Widowmaker,00:10:39,907,38.46%,22.86%,7.51,8.45,3.76,84,0,28.21,25%,31%,8%,1216,N/A,N/A,N/A,N/A,N/A
305,2400,Kellex,Mercy,00:38:09,902,59.18%,1.65%,0.79,4.72,3.41,100,0,10.82,7.69%,0%,12%,254,N/A,N/A,N/A,N/A,N/A
306,2400,TviQ,Junkrat,00:11:43,846,27.78%,33.33%,7.68,9.39,4.27,53,0,5.56,0%,17%,11%,1172,N/A,N/A,N/A,N/A,N/A
307,2400,Zebbosai,Mercy,00:30:43,811,24.32%,1.18%,0.33,7.16,4.23,92,0,17.34,7.69%,0%,3%,1119,N/A,N/A,N/A,N/A,N/A
308,2400,DreamKazper,Pharah,00:07:29,807,30%,23.08%,8.02,6.68,4.01,97,0,-30,33.33%,10%,10%,667,N/A,N/A,N/A,N/A,N/A
309,2400,Logix,Soldier: 76,00:05:15,692,0%,11.11%,1.9,13.33,3.81,128,0,0,0%,20%,0%,1513,N/A,N/A,N/A,N/A,N/A
310,2400,Zuppeh,Zenyatta,00:25:58,536,25%,6.85%,1.93,11.17,2.7,124,0,17.86,0%,3%,16%,1255,N/A,N/A,N/A,N/A,N/A
311,2400,Manneten,Roadhog,00:05:32,494,25%,15.38%,3.61,12.65,1.81,115,0,-25,0%,0%,25%,221,N/A,N/A,N/A,N/A,N/A
312,2400,TviQ,Tracer,00:06:41,441,0%,13.33%,2.99,14.96,4.49,82,0,0,33.33%,11%,22%,428,N/A,N/A,N/A,N/A,N/A
313,2400,TviQ,Doomfist,00:00:09,NED,0%,0%,0,0,0,0,0,0,0%,0%,0%,995,N/A,N/A,N/A,N/A,N/A
314,2400,TviQ,Mccree,00:04:21,NED,33.33%,23.08%,6.9,11.49,4.6,69,0,-33.33,0%,0%,17%,1286,N/A,N/A,N/A,N/A,N/A
315,2400,TviQ,Pharah,00:04:29,NED,40%,20%,8.92,4.46,2.23,92,0,0,100%,0%,0%,1078,N/A,N/A,N/A,N/A,N/A
316,2400,TviQ,Soldier: 76,00:02:51,NED,0%,0%,0,14.04,3.51,88,0,0,0%,0%,33%,910,N/A,N/A,N/A,N/A,N/A
317,2400,TviQ,Torbjörn,00:00:11,NED,0%,0%,0,0,0,0,0,0,0%,0%,0%,1001,N/A,N/A,N/A,N/A,N/A
318,2400,Manneten,Soldier: 76,00:01:05,NED,50%,0%,0,0,0,0,0,0,0%,0%,0%,980,N/A,N/A,N/A,N/A,N/A
319,2400,Manneten,Zarya,00:02:12,NED,0%,25%,4.55,13.64,4.55,90,0,0,0%,0%,0%,439,N/A,N/A,N/A,N/A,N/A
320,2400,Zebbosai,Lucio,00:00:53,NED,0%,0%,0,11.32,0,0,0,0,0%,0%,0%,839,N/A,N/A,N/A,N/A,N/A
321,2400,Zebbosai,Pharah,00:04:03,NED,33.33%,30.77%,9.88,12.35,2.47,105,0,-33.33,0%,0%,0%,1241,N/A,N/A,N/A,N/A,N/A
322,2400,Zebbosai,Sombra,00:04:53,NED,60%,20%,10.24,8.19,6.14,63,0,40,0%,20%,20%,1167,N/A,N/A,N/A,N/A,N/A
323,2400,Zuppeh,Ana,00:02:04,NED,0%,0%,0,19.35,4.84,53,0,0,100%,0%,0%,931,N/A,N/A,N/A,N/A,N/A
324,2400,Zuppeh,Hanzo,00:00:04,NED,0%,0%,0,0,0,0,0,0,0%,0%,0%,995,N/A,N/A,N/A,N/A,N/A
325,2400,Zuppeh,Lucio,00:03:01,NED,25%,0%,0,9.94,3.31,137,0,-25,0%,0%,50%,698,N/A,N/A,N/A,N/A,N/A
326,2400,Zuppeh,Zarya,00:00:11,NED,0%,0%,0,0,0,0,0,0,0%,0%,0%,995,N/A,N/A,N/A,N/A,N/A
327,2400,Striker,Widowmaker,00:00:11,NED,0%,0%,0,0,0,0,0,0,0%,0%,0%,981,N/A,N/A,N/A,N/A,N/A
328,2400,CWoosH,Orisa,00:04:59,NED,28.57%,23.08%,6.02,8.03,2.01,136,0,-28.57,0%,0%,0%,1116,N/A,N/A,N/A,N/A,N/A
329,2400,CWoosH,Reinhardt,00:02:09,NED,0%,50%,9.3,18.6,4.65,95,0,0,0%,50%,0%,1211,N/A,N/A,N/A,N/A,N/A
330,2400,Logix,Mccree,00:04:39,NED,12.5%,33.33%,6.45,15.05,4.3,145,0,-12.5,0%,13%,25%,768,N/A,N/A,N/A,N/A,N/A
331,2400,DreamKazper,Hanzo,00:01:45,NED,100%,40%,22.86,11.43,5.71,53,0,0,100%,0%,100%,845,N/A,N/A,N/A,N/A,N/A
332,2400,DreamKazper,Mei,00:00:40,NED,0%,0%,0,15,0,0,0,0,0%,0%,0%,1034,N/A,N/A,N/A,N/A,N/A
333,2400,DreamKazper,Reaper,00:03:41,NED,33.33%,20%,8.14,8.14,2.71,113,0,-33.33,0%,0%,0%,827,N/A,N/A,N/A,N/A,N/A
334,2400,DreamKazper,Soldier: 76,00:04:58,NED,40%,30%,6.04,4.03,4.03,85,0,10,0%,20%,0%,615,N/A,N/A,N/A,N/A,N/A
335,2400,DreamKazper,Widowmaker,00:03:49,NED,42.86%,28.57%,10.48,2.62,5.24,59,0,57.14,0%,29%,0%,999,N/A,N/A,N/A,N/A,N/A
336,2400,Neko,Ana,00:01:37,NED,0%,0%,0,6.19,6.19,45,0,0,0%,0%,100%,977,N/A,N/A,N/A,N/A,N/A
337,2400,Neko,Lucio,00:02:59,NED,0%,0%,0,10.06,3.35,123,0,0,0%,0%,0%,680,N/A,N/A,N/A,N/A,N/A
338,2400,Neko,Mercy,00:00:32,NED,0%,0%,0,18.75,0,0,0,0,0%,0%,0%,1068,N/A,N/A,N/A,N/A,N/A
339,2399,Kariv,Zenyatta,00:08:10,1425,50%,31.03%,11.02,6.12,3.67,91,0,0,0%,25%,0%,1196,N/A,N/A,N/A,N/A,N/A
340,2399,cocco,Reinhardt,00:09:06,1306,54.55%,21.43%,9.89,5.49,4.4,68,0,-21.21,0%,18%,0%,1148,N/A,N/A,N/A,N/A,N/A
341,2399,Taimou,Roadhog,00:34:50,1286,46.51%,28.3%,12.92,6.03,3.73,96,0,-1.06,7.69%,9%,5%,1002,N/A,N/A,N/A,N/A,N/A
342,2399,Custa,Mercy,00:16:21,1283,76.19%,2.04%,1.22,1.83,4.28,93,0,23.81,0%,0%,0%,826,N/A,N/A,N/A,N/A,N/A
343,2399,SoOn,Tracer,00:36:07,1278,60%,26.99%,12.18,5.26,6.65,63,0,-4.44,4.76%,18%,5%,1162,N/A,N/A,N/A,N/A,N/A
344,2399,HarryHook,Bastion,00:09:08,1257,80%,22.95%,15.33,4.38,3.28,109,0,-30,0%,30%,0%,1473,N/A,N/A,N/A,N/A,N/A
345,2399,FaTe,Winston,00:40:31,1242,56.52%,20.88%,9.38,6.66,3.7,91,0,35.14,0%,7%,13%,744,N/A,N/A,N/A,N/A,N/A
346,2399,SoOn,Bastion,00:11:06,1239,71.43%,32.2%,17.12,5.41,3.6,78,0,28.57,0%,29%,14%,1285,N/A,N/A,N/A,N/A,N/A
347,2399,Custa,Moira,00:10:43,1226,53.85%,10.87%,4.67,5.6,5.6,55,0,-3.85,0%,0%,8%,879,N/A,N/A,N/A,N/A,N/A
348,2399,Envy,D.Va,00:42:53,1171,53.06%,21.31%,9.09,5.83,0,0,0,0,0%,8%,4%,1422,N/A,N/A,N/A,N/A,N/A
349,2399,Seagull,Hanzo,00:07:00,1154,87.5%,23.53%,17.14,1.43,4.29,77,0,-20.83,0%,38%,0%,1099,N/A,N/A,N/A,N/A,N/A
350,2399,silkthread,Tracer,00:06:02,1152,37.5%,34.78%,13.26,6.63,6.63,65,0,62.5,0%,13%,0%,1247,N/A,N/A,N/A,N/A,N/A
351,2399,Taimou,Junkrat,00:07:52,1135,60%,25.93%,8.9,5.08,3.81,88,0,6.67,0%,30%,0%,1686,N/A,N/A,N/A,N/A,N/A
352,2399,Agilities,Roadhog,00:10:47,1096,71.43%,15.25%,8.35,4.64,2.78,88,0,0,100%,14%,0%,1379,N/A,N/A,N/A,N/A,N/A
353,2399,uNKOE,Zenyatta,00:44:55,1087,50%,9.23%,4.01,6.01,3.78,103,0,21.43,0%,2%,9%,969,N/A,N/A,N/A,N/A,N/A
354,2399,silkthread,Genji,00:21:25,1081,60%,18.81%,8.87,7,3.74,86,0,27.5,0%,12%,8%,1155,N/A,N/A,N/A,N/A,N/A
355,2399,silkthread,Pharah,00:05:37,1056,66.67%,21.43%,10.68,3.56,3.56,88,0,33.33,0%,33%,0%,999,N/A,N/A,N/A,N/A,N/A
356,2399,FaTe,Orisa,00:24:39,1046,50%,19.05%,8.11,7.3,2.43,134,0,16.67,0%,9%,6%,933,N/A,N/A,N/A,N/A,N/A
357,2399,Seagull,Genji,00:07:43,1040,40%,25.81%,10.37,5.18,3.89,90,0,-6.67,0%,10%,0%,797,N/A,N/A,N/A,N/A,N/A
358,2399,HarryHook,Zenyatta,00:12:35,1039,50%,10.71%,4.77,8.74,3.18,107,0,25,0%,6%,6%,1426,N/A,N/A,N/A,N/A,N/A
359,2399,cocco,Winston,00:07:46,1035,25%,33.33%,7.73,7.73,2.58,113,0,-25,0%,13%,0%,1228,N/A,N/A,N/A,N/A,N/A
360,2399,Effect,Zarya,00:07:29,1012,60%,15.15%,6.68,6.68,2.67,97,0,40,0%,0%,10%,1113,N/A,N/A,N/A,N/A,N/A
361,2399,uNKOE,Mercy,00:19:02,1009,63.64%,2.27%,1.05,5.78,3.15,93,0,-3.64,0%,0%,0%,1343,N/A,N/A,N/A,N/A,N/A
362,2399,xQc,Winston,00:17:14,977,25%,23.64%,7.54,8.12,4.06,99,0,3.57,0%,5%,5%,843,N/A,N/A,N/A,N/A,N/A
363,2399,Kariv,Mercy,00:46:01,942,50%,0.5%,0.22,5.22,3.26,100,0,35.71,6.67%,0%,9%,633,N/A,N/A,N/A,N/A,N/A
364,2399,Envy,Hanzo,00:05:36,906,71.43%,20%,12.5,10.71,3.57,76,0,-21.43,0%,0%,14%,1058,N/A,N/A,N/A,N/A,N/A
365,2399,Kariv,Widowmaker,00:10:52,897,71.43%,13.56%,7.36,5.52,4.6,99,0,3.57,20%,7%,7%,857,N/A,N/A,N/A,N/A,N/A
366,2399,Effect,Widowmaker,00:28:29,873,44.44%,21.68%,10.88,8.78,5.27,89,0,-17.17,7.14%,28%,8%,841,N/A,N/A,N/A,N/A,N/A
367,2399,Effect,Tracer,00:18:11,850,35%,23.53%,6.6,6.6,4.95,76,0,-1.67,0%,10%,5%,1094,N/A,N/A,N/A,N/A,N/A
368,2399,Mickie,Orisa,00:20:55,822,50%,4.67%,2.39,6.69,2.39,136,0,16.67,0%,0%,8%,701,N/A,N/A,N/A,N/A,N/A
369,2399,Envy,Roadhog,00:10:56,792,40%,18.18%,7.32,8.23,2.74,121,0,26.67,0%,0%,13%,767,N/A,N/A,N/A,N/A,N/A
370,2399,Taimou,Soldier: 76,00:06:27,736,0%,22.22%,6.2,9.3,3.1,103,0,0,0%,0%,29%,393,N/A,N/A,N/A,N/A,N/A
371,2399,HarryHook,Lucio,00:17:55,697,38.1%,4.76%,1.67,8.37,2.79,106,0,1.9,0%,5%,19%,734,N/A,N/A,N/A,N/A,N/A
372,2399,HarryHook,Mercy,00:20:41,678,13.04%,1.79%,0.48,8.7,2.42,103,0,-13.04,0%,0%,4%,1349,N/A,N/A,N/A,N/A,N/A
373,2399,SoOn,Widowmaker,00:17:48,667,33.33%,23.08%,8.43,12.36,5.06,88,0,16.67,25%,21%,17%,862,N/A,N/A,N/A,N/A,N/A
374,2399,Agilities,Junkrat,00:11:59,655,37.5%,15.56%,5.84,10.01,5.01,75,0,22.5,16.67%,0%,13%,1024,N/A,N/A,N/A,N/A,N/A
375,2399,chipshajen,Mercy,00:17:14,648,25%,0%,0,8.7,4.06,104,0,-5,0%,0%,10%,943,N/A,N/A,N/A,N/A,N/A
376,2399,Custa,Zenyatta,00:20:52,601,16.67%,12.28%,3.35,9.58,2.88,127,0,0,0%,0%,8%,325,N/A,N/A,N/A,N/A,N/A
377,2399,Seagull,Junkrat,00:16:26,552,28.57%,19.35%,7.3,9.74,3.65,116,0,11.43,0%,0%,29%,938,N/A,N/A,N/A,N/A,N/A
378,2399,Mickie,D.Va,00:43:20,505,37.25%,17.69%,6,8.08,0,0,0,0,0%,8%,8%,871,N/A,N/A,N/A,N/A,N/A
379,2399,Seagull,Pharah,00:02:57,NED,0%,33.33%,3.39,10.17,3.39,97,0,0,0%,33%,0%,1392,N/A,N/A,N/A,N/A,N/A
380,2399,Seagull,Winston,00:01:06,NED,50%,0%,0,18.18,0,0,0,0,0%,0%,0%,1105,N/A,N/A,N/A,N/A,N/A
381,2399,uNKOE,Ana,00:01:13,NED,50%,0%,0,16.44,8.22,50,0,-50,0%,0%,50%,909,N/A,N/A,N/A,N/A,N/A
382,2399,Taimou,Mei,00:01:06,NED,0%,0%,0,18.18,0,0,0,0,0%,0%,0%,1039,N/A,N/A,N/A,N/A,N/A
383,2399,Taimou,Torbjörn,00:01:49,NED,50%,0%,0,11.01,0,0,0,0,0%,0%,0%,937,N/A,N/A,N/A,N/A,N/A
384,2399,Taimou,Widowmaker,00:02:42,NED,33.33%,18.18%,7.41,7.41,3.7,70,0,66.67,0%,0%,33%,894,N/A,N/A,N/A,N/A,N/A
385,2399,Taimou,Winston,00:02:19,NED,33.33%,16.67%,4.32,8.63,0,0,0,0,0%,0%,33%,293,N/A,N/A,N/A,N/A,N/A
386,2399,HarryHook,Soldier: 76,00:04:51,NED,66.67%,15%,6.19,6.19,2.06,107,0,-66.67,0%,0%,0%,560,N/A,N/A,N/A,N/A,N/A
387,2399,cocco,Orisa,00:03:57,NED,80%,11.11%,5.06,5.06,2.53,157,0,20,0%,20%,20%,861,N/A,N/A,N/A,N/A,N/A
388,2399,Agilities,Bastion,00:00:35,NED,0%,0%,0,17.14,0,0,0,0,0%,0%,100%,908,N/A,N/A,N/A,N/A,N/A
389,2399,Agilities,Genji,00:03:46,NED,0%,40%,5.31,7.96,2.65,80,0,0,0%,0%,0%,-560,N/A,N/A,N/A,N/A,N/A
390,2399,SoOn,Torbjörn,00:00:09,NED,0%,0%,0,0,0,0,0,0,0%,0%,0%,1001,N/A,N/A,N/A,N/A,N/A
391,2399,Mickie,Zarya,00:00:55,NED,0%,0%,0,21.82,0,0,0,0,0%,0%,0%,1025,N/A,N/A,N/A,N/A,N/A
392,2399,Kariv,Lucio,00:00:06,NED,0%,0%,0,0,0,0,0,0,0%,0%,0%,1003,N/A,N/A,N/A,N/A,N/A
393,2399,Kariv,Winston,00:00:01,NED,0%,0%,0,0,0,0,0,0,0%,0%,0%,1000,N/A,N/A,N/A,N/A,N/A
394,2399,Effect,Genji,00:04:04,NED,0%,23.08%,7.38,14.75,4.92,94,0,0,0%,0%,25%,1300,N/A,N/A,N/A,N/A,N/A
395,2399,Effect,Mccree,00:00:53,NED,0%,0%,0,22.64,0,0,0,0,0%,0%,100%,989,N/A,N/A,N/A,N/A,N/A
396,2399,Effect,Soldier: 76,00:04:24,NED,40%,75%,13.64,4.55,4.55,90,0,10,0%,20%,20%,785,N/A,N/A,N/A,N/A,N/A
397,2399,Effect,Sombra,00:01:40,NED,50%,71.43%,30,6,6,53,0,-50,0%,0%,0%,1091,N/A,N/A,N/A,N/A,N/A
398,2399,silkthread,Mei,00:00:06,NED,0%,0%,0,0,0,0,0,0,0%,0%,0%,1007,N/A,N/A,N/A,N/A,N/A
399,2399,silkthread,Reaper,00:00:49,NED,0%,0%,0,12.24,0,0,0,0,0%,0%,0%,1009,N/A,N/A,N/A,N/A,N/A
400,2399,silkthread,Soldier: 76,00:04:04,NED,100%,28%,17.21,7.38,4.92,108,0,0,0%,0%,25%,536,N/A,N/A,N/A,N/A,N/A
401,2399,Envy,Reaper,00:03:18,NED,75%,5.88%,3.03,3.03,3.03,108,0,-75,0%,0%,0%,963,N/A,N/A,N/A,N/A,N/A
402,2399,Envy,Reinhardt,00:00:46,NED,0%,0%,0,13.04,0,0,0,0,0%,0%,0%,1065,N/A,N/A,N/A,N/A,N/A
403,2399,Envy,Soldier: 76,00:00:08,NED,0%,0%,0,0,0,0,0,0,0%,0%,0%,993,N/A,N/A,N/A,N/A,N/A
404,2399,Envy,Tracer,00:01:33,NED,100%,0%,0,6.45,0,0,0,0,0%,0%,0%,769,N/A,N/A,N/A,N/A,N/A
405,2383,Pine,Mccree,00:06:26,1462,62.5%,50%,23.32,3.11,4.66,59,0,4.17,0%,38%,0%,1070,N/A,N/A,N/A,N/A,N/A
406,2383,ArK,Mercy,00:38:44,1261,63.41%,0.64%,0.26,3.36,2.58,97,0,9.31,0%,0%,2%,1311,N/A,N/A,N/A,N/A,N/A
407,2383,Mano,Winston,00:13:50,1129,50%,19.64%,7.95,4.34,2.17,110,0,50,33.33%,7%,0%,977,N/A,N/A,N/A,N/A,N/A
408,2383,JJoNak,Zenyatta,00:36:35,1108,61.54%,10.88%,4.37,6.83,3.01,95,0,8.46,0%,8%,18%,1044,N/A,N/A,N/A,N/A,N/A
409,2383,Libero,Sombra,00:05:37,1105,50%,13.04%,5.34,3.56,3.56,83,0,0,50%,17%,0%,1328,N/A,N/A,N/A,N/A,N/A
410,2383,ArK,Lucio,00:06:17,1092,50%,7.14%,3.18,6.37,1.59,88,0,0,0%,0%,0%,1405,N/A,N/A,N/A,N/A,N/A
411,2383,janus,Winston,00:16:49,1088,72.22%,14.47%,6.54,4.16,1.78,147,0,-22.22,0%,11%,6%,1340,N/A,N/A,N/A,N/A,N/A
412,2383,JJoNak,Moira,00:05:35,1074,50%,8.7%,3.58,7.16,3.58,64,0,0,100%,0%,17%,1019,N/A,N/A,N/A,N/A,N/A
413,2383,Mano,Orisa,00:14:13,1040,60%,9.43%,3.52,4.22,1.41,169,0,40,0%,7%,0%,1471,N/A,N/A,N/A,N/A,N/A
414,2383,Saebyeolbe,Mccree,00:16:19,1024,73.33%,21.52%,10.42,8.58,4.9,67,0,10,14.29%,13%,40%,1399,N/A,N/A,N/A,N/A,N/A
415,2383,DreamKazper,Widowmaker,00:05:22,999,40%,30%,11.18,5.59,3.73,83,0,-40,50%,20%,0%,812,N/A,N/A,N/A,N/A,N/A
416,2383,MekO,D.Va,00:30:32,985,62.5%,16.67%,7.21,5.24,0,0,0,0,0%,6%,0%,986,N/A,N/A,N/A,N/A,N/A
417,2383,Kalios,D.Va,00:26:34,965,46.43%,21.88%,7.9,6.4,0,0,0,0,0%,11%,0%,1255,N/A,N/A,N/A,N/A,N/A
418,2383,Saebyeolbe,Widowmaker,00:12:27,939,57.14%,25%,8.84,8.03,4.02,91,0,9.52,20%,7%,7%,1204,N/A,N/A,N/A,N/A,N/A
419,2383,Gamsu,Orisa,00:05:15,930,40%,5%,1.9,7.62,0,0,0,0,0%,0%,0%,1075,N/A,N/A,N/A,N/A,N/A
420,2383,Saebyeolbe,Tracer,00:16:15,922,55.56%,24.19%,9.23,6.15,4.92,65,0,-5.56,0%,11%,11%,480,N/A,N/A,N/A,N/A,N/A
421,2383,DreamKazper,Mccree,00:07:28,904,28.57%,38.89%,9.38,10.71,4.02,60,0,-28.57,0%,14%,14%,1100,N/A,N/A,N/A,N/A,N/A
422,2383,MekO,Roadhog,00:14:24,869,60%,20.75%,7.64,6.25,2.08,129,0,-26.67,0%,0%,7%,731,N/A,N/A,N/A,N/A,N/A
423,2383,Kellex,Mercy,00:44:32,848,34.04%,0%,0,5.16,3.14,114,0,2.32,0%,0%,6%,657,N/A,N/A,N/A,N/A,N/A
424,2383,Libero,Junkrat,00:26:44,844,55.56%,31.31%,11.6,7.11,2.99,120,0,11.11,0%,19%,7%,918,N/A,N/A,N/A,N/A,N/A
425,2383,DreamKazper,Genji,00:26:29,844,39.29%,26.19%,8.31,10.2,4.15,95,0,16.27,0%,14%,14%,878,N/A,N/A,N/A,N/A,N/A
426,2383,Neko,Zenyatta,00:37:25,820,34.21%,9.48%,2.94,6.15,2.94,114,0,-0.88,30%,8%,8%,908,N/A,N/A,N/A,N/A,N/A
427,2383,Striker,Tracer,00:39:01,800,33.33%,27.73%,8.46,6.92,4.36,77,0,0,0%,7%,10%,602,N/A,N/A,N/A,N/A,N/A
428,2383,NotE,D.Va,00:16:52,760,16.67%,25%,5.93,6.52,0,0,0,0,0%,0%,0%,872,N/A,N/A,N/A,N/A,N/A
429,2383,Gamsu,Winston,00:39:36,667,33.33%,13.45%,4.04,7.83,2.53,128,0,9.52,11.11%,10%,14%,951,N/A,N/A,N/A,N/A,N/A
430,2383,Gamsu,D.Va,00:00:10,NED,0%,0%,0,0,0,0,0,0,0%,0%,0%,986,N/A,N/A,N/A,N/A,N/A
431,2383,MekO,Winston,00:00:05,NED,0%,0%,0,0,0,0,0,0,0%,0%,0%,999,N/A,N/A,N/A,N/A,N/A
432,2383,janus,Tracer,00:00:09,NED,0%,0%,0,0,0,0,0,0,0%,0%,0%,987,N/A,N/A,N/A,N/A,N/A
433,2383,Striker,Hanzo,00:04:13,NED,50%,17.65%,7.11,2.37,4.74,66,0,0,0%,0%,0%,960,N/A,N/A,N/A,N/A,N/A
434,2383,Striker,Junkrat,00:01:37,NED,0%,33.33%,6.19,6.19,0,0,0,0,0%,0%,0%,1268,N/A,N/A,N/A,N/A,N/A
435,2383,Striker,Winston,00:00:10,NED,0%,0%,0,0,0,0,0,0,0%,0%,0%,999,N/A,N/A,N/A,N/A,N/A
436,2383,Libero,Hanzo,00:02:45,NED,100%,33.33%,18.18,3.64,3.64,122,0,0,100%,50%,0%,862,N/A,N/A,N/A,N/A,N/A
437,2383,Libero,Mercy,00:00:10,NED,0%,0%,0,0,0,0,0,0,0%,0%,0%,1008,N/A,N/A,N/A,N/A,N/A
438,2383,Libero,Pharah,00:01:43,NED,100%,33.33%,17.48,0,5.83,76,0,0,0%,0%,0%,1256,N/A,N/A,N/A,N/A,N/A
439,2383,Libero,Soldier: 76,00:01:09,NED,100%,40%,17.39,0,0,0,0,0,0%,0%,0%,895,N/A,N/A,N/A,N/A,N/A
440,2383,Libero,Tracer,00:00:27,NED,100%,0%,0,0,0,0,0,0,0%,0%,0%,978,N/A,N/A,N/A,N/A,N/A
441,2383,Kellex,Lucio,00:00:26,NED,0%,0%,0,23.08,0,0,0,0,0%,0%,0%,995,N/A,N/A,N/A,N/A,N/A
442,2383,Kellex,Torbjörn,00:00:03,NED,0%,0%,0,0,0,0,0,0,0%,0%,0%,1000,N/A,N/A,N/A,N/A,N/A
443,2383,DreamKazper,Pharah,00:02:33,NED,25%,50%,11.76,11.76,3.92,82,0,0,0%,50%,25%,1259,N/A,N/A,N/A,N/A,N/A
444,2383,DreamKazper,Soldier: 76,00:03:09,NED,0%,9.09%,3.17,6.35,0,0,0,0,0%,0%,0%,773,N/A,N/A,N/A,N/A,N/A
445,2383,NotE,Zenyatta,00:00:06,NED,0%,0%,0,0,0,0,0,0,0%,0%,0%,999,N/A,N/A,N/A,N/A,N/A
446,2383,Neko,Ana,00:01:32,NED,0%,0%,0,13.04,6.52,59,0,0,0%,0%,50%,833,N/A,N/A,N/A,N/A,N/A
447,2383,Neko,Bastion,00:03:52,NED,50%,23.53%,10.34,5.17,2.59,57,0,50,0%,25%,25%,945,N/A,N/A,N/A,N/A,N/A
448,2383,Neko,Lucio,00:01:46,NED,33.33%,0%,0,11.32,0,0,0,0,0%,0%,0%,902,N/A,N/A,N/A,N/A,N/A
449,2383,Neko,Mercy,00:00:26,NED,0%,0%,0,0,0,0,0,0,0%,0%,0%,1013,N/A,N/A,N/A,N/A,N/A
450,2383,Kalios,Roadhog,00:01:29,NED,0%,0%,0,13.48,0,0,0,0,0%,0%,100%,831,N/A,N/A,N/A,N/A,N/A
451,2383,JJoNak,Bastion,00:02:42,NED,100%,13.33%,7.41,0,3.7,65,0,0,100%,50%,0%,1154,N/A,N/A,N/A,N/A,N/A
452,2383,JJoNak,D.Va,00:00:09,NED,0%,0%,0,0,0,0,0,0,0%,0%,0%,987,N/A,N/A,N/A,N/A,N/A
453,2382,Poko,D.Va,00:55:47,1362,50%,23.33%,10.04,4.66,0,0,0,0,0%,12%,5%,1210,N/A,N/A,N/A,N/A,N/A
454,2382,ShaDowBurn,Pharah,00:06:43,1253,85.71%,35.14%,19.35,2.98,2.98,76,0,14.29,0%,43%,0%,870,N/A,N/A,N/A,N/A,N/A
455,2382,neptuNo,Lucio,00:07:06,1194,100%,8.16%,5.63,4.23,4.23,88,0,0,0%,0%,13%,583,N/A,N/A,N/A,N/A,N/A
456,2382,Boombox,Mercy,00:09:48,1128,63.64%,0%,0,3.06,3.06,91,0,-13.64,0%,0%,0%,830,N/A,N/A,N/A,N/A,N/A
457,2382,Boombox,Zenyatta,00:46:36,1127,46.43%,10.16%,4.08,6.44,4.08,83,0,9.82,0%,5%,11%,806,N/A,N/A,N/A,N/A,N/A
458,2382,Carpe,Tracer,00:46:36,1084,49.06%,27.14%,12.23,6.22,5.58,82,0,7.19,26.09%,17%,21%,1110,N/A,N/A,N/A,N/A,N/A
459,2382,Carpe,Mccree,00:05:52,1082,66.67%,28%,11.93,1.7,3.41,122,0,-16.67,0%,50%,0%,832,N/A,N/A,N/A,N/A,N/A
460,2382,Muma,Winston,00:49:44,1065,49.15%,15.38%,6.03,5.03,2.82,126,0,17.51,7.14%,3%,3%,1238,N/A,N/A,N/A,N/A,N/A
461,2382,Spree,D.Va,00:05:16,1038,40%,24%,11.39,7.59,0,0,0,0,0%,40%,0%,1008,N/A,N/A,N/A,N/A,N/A
462,2382,Boink,Mercy,00:05:00,1034,40%,0%,0,8,2,67,0,60,0%,0%,0%,1704,N/A,N/A,N/A,N/A,N/A
463,2382,LiNkzr,Widowmaker,00:07:35,1018,58.33%,29.41%,13.19,6.59,3.96,98,0,-58.33,33.33%,33%,17%,840,N/A,N/A,N/A,N/A,N/A
464,2382,ShaDowBurn,Genji,00:40:42,1015,47.83%,26.7%,11.55,7.86,3.19,106,0,12.17,9.09%,7%,4%,1157,N/A,N/A,N/A,N/A,N/A
465,2382,Carpe,Widowmaker,00:05:04,972,37.5%,27.27%,5.92,7.89,0,0,0,0,0%,25%,25%,1461,N/A,N/A,N/A,N/A,N/A
466,2382,LiNkzr,Mccree,00:25:59,956,58.06%,29.25%,11.93,10.01,3.85,69,0,-2.51,22.22%,23%,10%,1392,N/A,N/A,N/A,N/A,N/A
467,2382,JAKE,Soldier: 76,00:06:08,903,42.86%,25%,9.78,8.15,3.26,83,0,7.14,0%,0%,0%,373,N/A,N/A,N/A,N/A,N/A
468,2382,JAKE,Junkrat,00:38:04,899,56.82%,32.48%,13.4,9.46,3.42,94,0,23.18,0%,34%,9%,1244,N/A,N/A,N/A,N/A,N/A
469,2382,Rawkus,Mercy,00:05:41,879,0%,0%,0,8.8,1.76,69,0,0,0%,0%,0%,1002,N/A,N/A,N/A,N/A,N/A
470,2382,Fragi,Reinhardt,00:09:42,879,36.36%,15.63%,5.15,8.25,3.09,55,0,13.64,33.33%,0%,9%,256,N/A,N/A,N/A,N/A,N/A
471,2382,Rawkus,Zenyatta,00:45:54,870,55.56%,8.76%,3.7,6.97,2.4,107,0,-11.11,9.09%,2%,11%,661,N/A,N/A,N/A,N/A,N/A
472,2382,LiNkzr,Tracer,00:14:07,849,42.86%,22.64%,8.5,7.79,4.25,60,0,7.14,0%,14%,14%,457,N/A,N/A,N/A,N/A,N/A
473,2382,coolmatt,D.Va,00:48:23,842,50.88%,18.48%,7.03,6.41,0,0,0,0,0%,4%,2%,1071,N/A,N/A,N/A,N/A,N/A
474,2382,Bani,Mercy,00:43:30,823,55.77%,0.56%,0.23,4.6,2.99,125,0,-10.31,15.38%,0%,8%,940,N/A,N/A,N/A,N/A,N/A
475,2382,Boink,Lucio,00:09:02,821,10%,7.69%,1.11,8.86,2.21,82,0,90,0%,0%,10%,1192,N/A,N/A,N/A,N/A,N/A
476,2382,neptuNo,Mercy,00:46:57,764,45.45%,1.57%,0.64,6.18,2.98,120,0,25.97,7.14%,0%,5%,1069,N/A,N/A,N/A,N/A,N/A
477,2382,JAKE,Pharah,00:10:44,616,15.38%,25.93%,6.52,11.18,3.73,96,0,-15.38,25%,8%,23%,792,N/A,N/A,N/A,N/A,N/A
478,2382,clockwork,Tracer,00:05:41,563,0%,33.33%,3.52,10.56,5.28,59,0,0,0%,0%,33%,-69,N/A,N/A,N/A,N/A,N/A
479,2382,Fragi,Winston,00:46:37,462,51.85%,8.1%,3.65,7.94,2.57,175,0,33.86,11.11%,0%,11%,909,N/A,N/A,N/A,N/A,N/A
480,2382,coolmatt,Roadhog,00:00:48,NED,0%,0%,0,12.5,0,0,0,0,0%,0%,0%,928,N/A,N/A,N/A,N/A,N/A
481,2382,ShaDowBurn,Junkrat,00:02:32,NED,50%,22.22%,7.89,7.89,3.95,78,0,-50,0%,0%,0%,523,N/A,N/A,N/A,N/A,N/A
482,2382,ShaDowBurn,Soldier: 76,00:02:03,NED,0%,33.33%,4.88,9.76,0,0,0,0,0%,0%,33%,1003,N/A,N/A,N/A,N/A,N/A
483,2382,ShaDowBurn,Tracer,00:02:27,NED,20%,40%,8.16,4.08,0,0,0,0,0%,0%,0%,1499,N/A,N/A,N/A,N/A,N/A
484,2382,ShaDowBurn,Zarya,00:03:05,NED,75%,37.5%,19.46,3.24,0,0,0,0,0%,0%,0%,912,N/A,N/A,N/A,N/A,N/A
485,2382,Rawkus,Lucio,00:01:32,NED,0%,0%,0,13.04,0,0,0,0,0%,0%,0%,1050,N/A,N/A,N/A,N/A,N/A
486,2382,Rawkus,Moira,00:03:05,NED,25%,28.57%,6.49,3.24,6.49,47,0,25,0%,0%,0%,1173,N/A,N/A,N/A,N/A,N/A
487,2382,Rawkus,Sombra,00:01:20,NED,50%,50%,22.5,0,7.5,51,0,50,0%,0%,0%,990,N/A,N/A,N/A,N/A,N/A
488,2382,Fragi,Orisa,00:01:13,NED,50%,50%,16.44,8.22,0,0,0,0,0%,0%,0%,1012,N/A,N/A,N/A,N/A,N/A
489,2382,LiNkzr,Doomfist,00:01:01,NED,0%,0%,0,9.84,0,0,0,0,0%,0%,0%,874,N/A,N/A,N/A,N/A,N/A
490,2382,LiNkzr,Genji,00:03:09,NED,33.33%,25%,9.52,9.52,6.35,79,0,16.67,0%,0%,0%,697,N/A,N/A,N/A,N/A,N/A
491,2382,neptuNo,Zenyatta,00:03:29,NED,0%,16.67%,2.87,8.61,2.87,124,0,0,0%,0%,0%,1266,N/A,N/A,N/A,N/A,N/A
492,2382,JAKE,Genji,00:02:22,NED,66.67%,10%,4.23,8.45,4.23,97,0,-66.67,0%,0%,33%,770,N/A,N/A,N/A,N/A,N/A
493,2382,JAKE,Tracer,00:00:14,NED,0%,0%,0,0,0,0,0,0,0%,0%,0%,984,N/A,N/A,N/A,N/A,N/A
494,2382,Spree,Zarya,00:03:05,NED,25%,0%,0,9.73,0,0,0,75,0%,0%,0%,1208,N/A,N/A,N/A,N/A,N/A
495,2382,Muma,Orisa,00:04:43,NED,50%,6.25%,2.12,4.24,0,0,0,0,0%,0%,0%,1046,N/A,N/A,N/A,N/A,N/A
496,2382,Muma,Reinhardt,00:03:05,NED,25%,0%,0,9.73,3.24,101,0,75,0%,0%,0%,1049,N/A,N/A,N/A,N/A,N/A
497,2382,Poko,Zarya,00:01:45,NED,0%,0%,0,17.14,0,0,0,0,0%,0%,0%,892,N/A,N/A,N/A,N/A,N/A
498,2382,Boombox,Moira,00:00:27,NED,0%,0%,0,22.22,0,0,0,0,0%,0%,0%,1015,N/A,N/A,N/A,N/A,N/A
499,2382,Boombox,Soldier: 76,00:00:31,NED,0%,12.5%,19.35,0,0,0,0,0,0%,0%,0%,941,N/A,N/A,N/A,N/A,N/A
500,2382,Boombox,Zarya,00:00:10,NED,0%,0%,0,0,0,0,0,0,0%,0%,0%,995,N/A,N/A,N/A,N/A,N/A
501,2381,Bdosin,Zenyatta,00:37:02,1320,56.1%,13.07%,5.4,4.32,3.78,110,0,-17.64,0%,15%,0%,1438,N/A,N/A,N/A,N/A,N/A
502,2381,Profit,Tracer,00:18:08,1230,65%,27.27%,13.24,4.41,3.86,69,0,-5,16.67%,10%,5%,914,N/A,N/A,N/A,N/A,N/A
503,2381,Birdring,Soldier: 76,00:06:51,1179,87.5%,22.22%,11.68,4.38,2.92,90,0,-37.5,0%,25%,13%,1043,N/A,N/A,N/A,N/A,N/A
504,2381,TviQ,Junkrat,00:11:54,1141,50%,40%,13.45,6.72,3.36,100,0,16.67,0%,36%,7%,1542,N/A,N/A,N/A,N/A,N/A
505,2381,Gesture,Winston,00:36:32,1124,58.54%,18.13%,7.94,5.75,3.28,109,0,1.46,0%,7%,12%,826,N/A,N/A,N/A,N/A,N/A
506,2381,Fury,D.Va,00:39:11,1091,59.09%,19.14%,7.91,4.59,0,0,0,0,0%,7%,5%,780,N/A,N/A,N/A,N/A,N/A
507,2381,CWoosH,Orisa,00:08:39,1069,70%,5.56%,2.31,3.47,2.31,109,0,30,0%,0%,0%,1211,N/A,N/A,N/A,N/A,N/A
508,2381,Bdosin,Ana,00:05:30,1054,85.71%,7.14%,3.64,5.45,1.82,134,0,0,100%,14%,14%,844,N/A,N/A,N/A,N/A,N/A
509,2381,Logix,Soldier: 76,00:06:35,1027,50%,25%,7.59,3.04,1.52,136,0,-50,0%,0%,0%,1151,N/A,N/A,N/A,N/A,N/A
510,2381,Profit,Genji,00:17:03,1022,50%,35.59%,12.32,4.69,3.52,116,0,25,16.67%,17%,11%,829,N/A,N/A,N/A,N/A,N/A
511,2381,Manneten,D.Va,00:34:02,1020,26.32%,26.37%,7.05,5.58,0,0,0,0,0%,11%,3%,1464,N/A,N/A,N/A,N/A,N/A
512,2381,Zebbosai,Lucio,00:05:19,986,16.67%,10%,3.76,3.76,1.88,140,0,83.33,0%,0%,33%,292,N/A,N/A,N/A,N/A,N/A
513,2381,Zuppeh,Mercy,00:11:34,985,16.67%,0%,0,6.05,2.59,118,0,33.33,0%,0%,0%,1844,N/A,N/A,N/A,N/A,N/A
514,2381,Manneten,Roadhog,00:08:57,980,70%,16.67%,6.7,5.59,2.23,114,0,-70,0%,20%,0%,1130,N/A,N/A,N/A,N/A,N/A
515,2381,Birdring,Widowmaker,00:08:56,948,50%,21.74%,5.6,3.36,4.48,80,0,-16.67,25%,13%,0%,910,N/A,N/A,N/A,N/A,N/A
516,2381,TviQ,Widowmaker,00:08:39,946,50%,28.57%,9.25,6.94,1.16,83,0,50,100%,10%,10%,997,N/A,N/A,N/A,N/A,N/A
517,2381,Logix,Mccree,00:08:37,946,70%,27.78%,11.61,9.28,4.64,82,0,-45,0%,30%,0%,1023,N/A,N/A,N/A,N/A,N/A
518,2381,Profit,Junkrat,00:08:29,941,72.73%,23.81%,11.79,8.25,3.54,90,0,27.27,0%,18%,18%,1049,N/A,N/A,N/A,N/A,N/A
519,2381,Nus,Mercy,00:43:31,928,61.22%,0.53%,0.23,4.14,2.53,137,0,-11.22,0%,0%,8%,1351,N/A,N/A,N/A,N/A,N/A
520,2381,Birdring,Genji,00:06:43,900,62.5%,19.44%,10.42,7.44,2.98,133,0,37.5,0%,0%,13%,875,N/A,N/A,N/A,N/A,N/A
521,2381,TviQ,Genji,00:08:32,893,20%,28.57%,9.38,9.38,3.52,137,0,30,0%,20%,20%,1285,N/A,N/A,N/A,N/A,N/A
522,2381,Zuppeh,Ana,00:06:34,862,37.5%,6.25%,1.52,9.14,4.57,95,0,29.17,33.33%,0%,38%,723,N/A,N/A,N/A,N/A,N/A
523,2381,Birdring,Tracer,00:12:12,801,43.75%,17.02%,6.56,5.74,5.74,65,0,-3.75,0%,6%,6%,303,N/A,N/A,N/A,N/A,N/A
524,2381,Zuppeh,Zenyatta,00:23:48,773,42.86%,6.67%,2.1,7.98,2.52,128,0,40.48,0%,4%,14%,1392,N/A,N/A,N/A,N/A,N/A
525,2381,CWoosH,Winston,00:35:01,678,25.64%,13.68%,3.71,9.14,3.43,116,0,24.36,9.09%,5%,10%,1244,N/A,N/A,N/A,N/A,N/A
526,2381,TviQ,Soldier: 76,00:09:28,590,9.09%,18.75%,3.17,12.68,2.11,84,0,-9.09,0%,0%,18%,715,N/A,N/A,N/A,N/A,N/A
527,2381,Logix,Tracer,00:27:18,461,20%,25.68%,6.96,7.33,4.03,112,0,5,12.5%,10%,10%,467,N/A,N/A,N/A,N/A,N/A
528,2381,Zebbosai,Mercy,00:30:50,191,41.67%,0%,0,6.49,1.95,210,0,1.19,0%,0%,0%,988,N/A,N/A,N/A,N/A,N/A
529,2381,TviQ,Doomfist,00:01:00,NED,0%,33.33%,20,20,0,0,0,0,0%,0%,0%,478,N/A,N/A,N/A,N/A,N/A
530,2381,TviQ,Reaper,00:01:21,NED,0%,50%,22.22,14.81,7.41,58,0,0,0%,0%,0%,932,N/A,N/A,N/A,N/A,N/A
531,2381,TviQ,Tracer,00:02:46,NED,66.67%,28.57%,7.23,10.84,7.23,68,0,-66.67,0%,0%,33%,600,N/A,N/A,N/A,N/A,N/A
532,2381,Birdring,Mccree,00:02:40,NED,50%,14.29%,3.75,7.5,0,0,0,0,0%,0%,0%,1372,N/A,N/A,N/A,N/A,N/A
533,2381,Birdring,Reaper,00:01:56,NED,100%,30.77%,20.69,15.52,5.17,54,0,0,0%,50%,50%,1020,N/A,N/A,N/A,N/A,N/A
534,2381,Birdring,Roadhog,00:04:22,NED,80%,29.63%,18.32,2.29,2.29,72,0,0,0%,0%,0%,1383,N/A,N/A,N/A,N/A,N/A
535,2381,Manneten,Soldier: 76,00:00:41,NED,0%,25%,14.63,14.63,0,0,0,0,0%,0%,0%,923,N/A,N/A,N/A,N/A,N/A
536,2381,Zebbosai,Moira,00:00:15,NED,0%,0%,0,40,0,0,0,0,0%,0%,0%,1024,N/A,N/A,N/A,N/A,N/A
537,2381,Zebbosai,Soldier: 76,00:00:49,NED,0%,0%,0,12.24,0,0,0,0,0%,0%,0%,1009,N/A,N/A,N/A,N/A,N/A
538,2381,Zebbosai,Sombra,00:02:29,NED,0%,14.29%,4.03,4.03,8.05,68,0,0,0%,0%,0%,676,N/A,N/A,N/A,N/A,N/A
539,2381,Zebbosai,Zenyatta,00:03:58,NED,25%,0%,0,5.04,2.52,113,0,-25,0%,0%,25%,637,N/A,N/A,N/A,N/A,N/A
540,2381,Zuppeh,Hanzo,00:00:07,NED,0%,0%,0,0,0,0,0,0,0%,0%,0%,993,N/A,N/A,N/A,N/A,N/A
541,2381,Zuppeh,Lucio,00:01:30,NED,0%,0%,0,13.33,0,0,0,0,0%,0%,100%,573,N/A,N/A,N/A,N/A,N/A
542,2381,Zuppeh,Moira,00:00:07,NED,0%,0%,0,0,0,0,0,0,0%,0%,0%,999,N/A,N/A,N/A,N/A,N/A
543,2381,Logix,Widowmaker,00:01:10,NED,0%,0%,0,8.57,0,0,0,0,0%,0%,0%,993,N/A,N/A,N/A,N/A,N/A
544,2381,Nus,Lucio,00:00:09,NED,0%,0%,0,0,0,0,0,0,0%,0%,0%,1003,N/A,N/A,N/A,N/A,N/A
545,2381,Fury,Zarya,00:04:29,NED,80%,14.81%,8.92,6.69,4.46,74,0,20,0%,0%,0%,726,N/A,N/A,N/A,N/A,N/A
546,2381,Gesture,Orisa,00:02:55,NED,66.67%,16.67%,3.43,3.43,0,0,0,0,0%,0%,0%,1039,N/A,N/A,N/A,N/A,N/A
547,2381,Gesture,Reinhardt,00:04:13,NED,80%,21.74%,11.86,11.86,4.74,98,0,20,0%,20%,40%,1033,N/A,N/A,N/A,N/A,N/A
548,2381,Bdosin,Bastion,00:00:01,NED,0%,0%,0,0,0,0,0,0,0%,0%,0%,998,N/A,N/A,N/A,N/A,N/A
549,2381,Bdosin,Moira,00:01:07,NED,100%,0%,0,8.96,0,0,0,0,0%,0%,0%,807,N/A,N/A,N/A,N/A,N/A
550,2380,ryujehong,Ana,00:18:30,1624,52.17%,13.75%,5.95,6.49,5.41,79,0,-2.17,10%,9%,4%,1064,N/A,N/A,N/A,N/A,N/A
551,2380,tobi,Lucio,00:15:09,1268,56.25%,8%,3.96,5.28,5.28,84,0,10.42,0%,0%,0%,1467,N/A,N/A,N/A,N/A,N/A
552,2380,Taimou,Roadhog,00:21:39,1249,45.45%,24.75%,11.55,5.54,7.39,69,0,9.09,12.5%,5%,5%,918,N/A,N/A,N/A,N/A,N/A
553,2380,ryujehong,Mercy,00:07:35,1239,75%,2.13%,1.32,3.96,6.59,58,0,5,40%,0%,0%,1444,N/A,N/A,N/A,N/A,N/A
554,2380,Fleta,Pharah,00:10:53,1239,69.23%,27.59%,14.7,6.43,6.43,51,0,5.77,0%,23%,8%,1352,N/A,N/A,N/A,N/A,N/A
555,2380,Miro,Winston,00:48:33,1194,57.14%,18.35%,8.24,6.39,4.12,86,0,-3.81,21.05%,11%,14%,1188,N/A,N/A,N/A,N/A,N/A
556,2380,zunba,D.Va,00:57:45,1162,59.7%,20.61%,9.35,6.58,0,0,0,0,0%,9%,3%,1734,N/A,N/A,N/A,N/A,N/A
557,2380,Fleta,Widowmaker,00:16:52,1156,60%,30.56%,13.04,5.34,8.3,50,0,23.33,38.46%,35%,5%,817,N/A,N/A,N/A,N/A,N/A
558,2380,Fleta,Junkrat,00:05:38,1128,55.56%,34.78%,14.2,7.1,5.33,49,0,44.44,0%,22%,11%,1122,N/A,N/A,N/A,N/A,N/A
559,2380,Effect,Tracer,00:25:49,1121,41.94%,32.14%,10.46,8.13,7.75,50,0,18.06,5.26%,16%,6%,1158,N/A,N/A,N/A,N/A,N/A
560,2380,Custa,Mercy,00:06:59,1118,62.5%,0%,0,4.3,5.73,68,0,-12.5,0%,0%,0%,1011,N/A,N/A,N/A,N/A,N/A
561,2380,ryujehong,Zenyatta,00:34:16,1102,60%,10.81%,4.67,7.3,4.09,83,0,-1.67,0%,3%,8%,723,N/A,N/A,N/A,N/A,N/A
562,2380,Effect,Reaper,00:05:09,1090,66.67%,26.67%,15.53,9.71,3.88,62,0,33.33,0%,17%,17%,1098,N/A,N/A,N/A,N/A,N/A
563,2380,Taimou,Mccree,00:07:35,1088,40%,32.26%,13.19,7.91,5.27,69,0,-6.67,0%,30%,0%,1147,N/A,N/A,N/A,N/A,N/A
564,2380,tobi,Mercy,00:45:20,1067,60%,1.99%,0.88,5.07,4.85,76,0,3.64,28.57%,0%,4%,1273,N/A,N/A,N/A,N/A,N/A
565,2380,munchkin,Reaper,00:08:14,1061,55.56%,26.32%,12.15,9.72,6.07,41,0,44.44,60%,22%,11%,1071,N/A,N/A,N/A,N/A,N/A
566,2380,Miro,Orisa,00:06:07,1046,71.43%,7.14%,3.27,3.27,1.63,140,0,28.57,0%,14%,0%,1181,N/A,N/A,N/A,N/A,N/A
567,2380,munchkin,Soldier: 76,00:11:46,1033,47.06%,29.27%,10.2,10.2,5.95,64,0,-13.73,14.29%,6%,6%,1274,N/A,N/A,N/A,N/A,N/A
568,2380,Taimou,Soldier: 76,00:12:39,1029,35.29%,21.05%,6.32,4.74,4.74,92,0,31.37,0%,12%,12%,1010,N/A,N/A,N/A,N/A,N/A
569,2380,HarryHook,Bastion,00:06:59,1015,62.5%,30.77%,17.18,7.16,4.3,73,0,37.5,0%,38%,13%,871,N/A,N/A,N/A,N/A,N/A
570,2380,Seagull,Junkrat,00:09:38,1003,45.45%,39.39%,13.49,7.27,5.19,64,0,54.55,20%,0%,18%,672,N/A,N/A,N/A,N/A,N/A
571,2380,Fleta,Genji,00:19:00,978,66.67%,21.59%,10,8.42,4.74,107,0,0,0%,24%,10%,1248,N/A,N/A,N/A,N/A,N/A
572,2380,munchkin,Tracer,00:34:39,977,64.86%,23.21%,11.26,8.37,10.1,45,0,-10.32,6.06%,11%,14%,397,N/A,N/A,N/A,N/A,N/A
573,2380,HarryHook,Lucio,00:19:34,974,40%,9.41%,4.09,8.69,4.6,94,0,26.67,0%,5%,5%,1156,N/A,N/A,N/A,N/A,N/A
574,2380,HarryHook,Zenyatta,00:20:38,965,30.77%,9.52%,2.91,6.79,4.36,81,0,-16.48,0%,0%,15%,671,N/A,N/A,N/A,N/A,N/A
575,2380,Mickie,Orisa,00:10:03,925,41.67%,10.26%,3.98,6.97,2.99,125,0,58.33,0%,0%,17%,814,N/A,N/A,N/A,N/A,N/A
576,2380,Effect,Widowmaker,00:21:06,906,29.17%,26.19%,10.43,9.48,6.16,66,0,10.83,30.77%,13%,21%,987,N/A,N/A,N/A,N/A,N/A
577,2380,xQc,Orisa,00:13:18,898,21.43%,16%,6.02,10.53,3.01,93,0,28.57,50%,0%,21%,822,N/A,N/A,N/A,N/A,N/A
578,2380,chipshajen,Mercy,00:44:58,890,35.19%,1.22%,0.44,6.89,3.56,81,0,11.48,6.25%,0%,7%,1041,N/A,N/A,N/A,N/A,N/A
579,2380,HarryHook,Soldier: 76,00:05:29,875,37.5%,37.5%,10.94,10.94,0,0,0,-37.5,0%,13%,13%,643,N/A,N/A,N/A,N/A,N/A
580,2380,HarryHook,Mercy,00:08:14,863,33.33%,0%,0,6.07,4.86,116,0,16.67,25%,0%,0%,921,N/A,N/A,N/A,N/A,N/A
581,2380,xQc,Winston,00:27:44,819,35.29%,13.64%,4.33,9.38,4.33,83,0,14.71,18.18%,3%,12%,1303,N/A,N/A,N/A,N/A,N/A
582,2380,Custa,Zenyatta,00:08:14,811,33.33%,3.7%,1.21,7.29,4.86,103,0,41.67,0%,0%,11%,770,N/A,N/A,N/A,N/A,N/A
583,2380,Miro,Reinhardt,00:06:14,779,62.5%,6.67%,3.21,8.02,4.81,84,0,-12.5,0%,0%,13%,162,N/A,N/A,N/A,N/A,N/A
584,2380,Taimou,Junkrat,00:08:20,716,10%,35.29%,7.2,9.6,3.6,94,0,-10,0%,20%,20%,907,N/A,N/A,N/A,N/A,N/A
585,2380,Taimou,Widowmaker,00:05:09,567,40%,15%,5.83,13.59,3.88,99,0,10,0%,0%,20%,134,N/A,N/A,N/A,N/A,N/A
586,2380,Mickie,D.Va,00:42:55,528,35.42%,13.55%,4.89,7.46,0,0,0,0,0%,6%,4%,1132,N/A,N/A,N/A,N/A,N/A
587,2380,Seagull,Hanzo,00:03:09,NED,50%,26.67%,12.7,12.7,6.35,77,0,-50,0%,25%,0%,1043,N/A,N/A,N/A,N/A,N/A
588,2380,Seagull,Pharah,00:02:00,NED,50%,9.09%,5,10,5,110,0,0,100%,0%,0%,989,N/A,N/A,N/A,N/A,N/A
589,2380,Seagull,Soldier: 76,00:00:26,NED,0%,28.57%,46.15,0,0,0,0,0,0%,0%,0%,974,N/A,N/A,N/A,N/A,N/A
590,2380,Taimou,Reaper,00:00:43,NED,100%,11.11%,13.95,0,0,0,0,0,0%,0%,0%,982,N/A,N/A,N/A,N/A,N/A
591,2380,Taimou,Sombra,00:02:55,NED,33.33%,28.57%,6.86,3.43,6.86,59,0,-33.33,0%,0%,0%,799,N/A,N/A,N/A,N/A,N/A
592,2380,Taimou,Torbjörn,00:01:54,NED,66.67%,0%,0,5.26,0,0,0,0,0%,0%,0%,864,N/A,N/A,N/A,N/A,N/A
593,2380,chipshajen,Lucio,00:00:04,NED,0%,0%,0,0,0,0,0,0,0%,0%,0%,1002,N/A,N/A,N/A,N/A,N/A
594,2380,chipshajen,Mei,00:00:39,NED,0%,0%,0,30.77,0,0,0,0,0%,0%,0%,1033,N/A,N/A,N/A,N/A,N/A
595,2380,zunba,Zarya,00:03:09,NED,50%,21.43%,9.52,9.52,3.17,131,0,50,0%,0%,0%,732,N/A,N/A,N/A,N/A,N/A
596,2380,ryujehong,Hanzo,00:00:07,NED,0%,0%,0,0,0,0,0,0,0%,0%,0%,993,N/A,N/A,N/A,N/A,N/A
597,2380,ryujehong,Lucio,00:00:11,NED,0%,0%,0,0,0,0,0,0,0%,0%,0%,1003,N/A,N/A,N/A,N/A,N/A
598,2380,ryujehong,Mei,00:00:15,NED,0%,0%,0,40,0,0,0,0,0%,0%,0%,1021,N/A,N/A,N/A,N/A,N/A
599,2380,tobi,Sombra,00:00:25,NED,0%,0%,0,24,0,0,0,0,0%,0%,0%,1018,N/A,N/A,N/A,N/A,N/A
600,2380,munchkin,Mccree,00:01:56,NED,100%,0%,0,5.17,10.34,52,0,0,0%,0%,0%,1025,N/A,N/A,N/A,N/A,N/A
601,2380,munchkin,Zarya,00:04:19,NED,40%,21.05%,9.27,6.95,2.32,89,0,0,0%,0%,0%,1394,N/A,N/A,N/A,N/A,N/A
602,2380,Mickie,Roadhog,00:03:13,NED,20%,30%,9.33,3.11,6.22,75,0,-20,0%,40%,0%,1196,N/A,N/A,N/A,N/A,N/A
603,2380,Mickie,Zarya,00:04:43,NED,66.67%,7.69%,4.24,6.36,4.24,104,0,-16.67,0%,0%,0%,1298,N/A,N/A,N/A,N/A,N/A
604,2380,xQc,Reinhardt,00:04:39,NED,66.67%,15.38%,8.6,6.45,4.3,101,0,-16.67,0%,0%,0%,1251,N/A,N/A,N/A,N/A,N/A
605,2380,Effect,Genji,00:03:54,NED,50%,42.86%,15.38,7.69,2.56,124,0,50,0%,0%,0%,1356,N/A,N/A,N/A,N/A,N/A
606,2380,Effect,Mccree,00:03:17,NED,25%,18.75%,9.14,15.23,3.05,39,0,0,100%,25%,25%,738,N/A,N/A,N/A,N/A,N/A
607,2380,Effect,Soldier: 76,00:01:39,NED,0%,0%,0,12.12,6.06,49,0,0,0%,0%,0%,934,N/A,N/A,N/A,N/A,N/A
608,2380,Fleta,Doomfist,00:02:52,NED,33.33%,9.09%,3.49,3.49,3.49,122,0,-33.33,0%,0%,33%,769,N/A,N/A,N/A,N/A,N/A
609,2380,Fleta,Reaper,00:03:07,NED,0%,18.18%,6.42,16.04,6.42,67,0,0,50%,0%,33%,475,N/A,N/A,N/A,N/A,N/A
610,2380,Fleta,Roadhog,00:01:59,NED,50%,44.44%,20.17,10.08,5.04,78,0,50,0%,0%,0%,1120,N/A,N/A,N/A,N/A,N/A
611,2380,Fleta,Sombra,00:00:33,NED,0%,0%,0,18.18,0,0,0,0,0%,0%,0%,1021,N/A,N/A,N/A,N/A,N/A
612,2379,Shaz,Zenyatta,00:25:11,1693,82.76%,17.42%,9.13,3.57,2.78,78,0,17.24,0%,7%,7%,574,N/A,N/A,N/A,N/A,N/A
613,2379,Bischu,D.Va,00:33:05,1511,78.95%,17.71%,9.37,3.32,0,0,0,0,0%,26%,5%,1462,N/A,N/A,N/A,N/A,N/A
614,2379,Asher,Tracer,00:23:47,1491,75%,26.15%,14.3,2.94,7.99,55,0,-5.77,5.88%,11%,7%,1000,N/A,N/A,N/A,N/A,N/A
615,2379,BigG00se,Mercy,00:24:44,1439,82.14%,1.6%,0.81,2.02,5.26,77,0,-5.22,0%,0%,7%,1094,N/A,N/A,N/A,N/A,N/A
616,2379,BigG00se,Lucio,00:08:21,1379,70%,10%,5.99,2.4,3.59,105,0,-3.33,0%,0%,0%,1013,N/A,N/A,N/A,N/A,N/A
617,2379,iRemiix,Winston,00:33:05,1159,78.95%,12.57%,6.65,4.53,4.23,88,0,1.05,14.29%,5%,8%,767,N/A,N/A,N/A,N/A,N/A
618,2379,Hydration,Pharah,00:06:07,1154,71.43%,30.56%,17.98,8.17,6.54,76,0,-4.76,0%,14%,0%,1312,N/A,N/A,N/A,N/A,N/A
619,2379,Surefour,Pharah,00:06:57,1096,71.43%,24.32%,12.95,7.19,7.19,55,0,8.57,0%,29%,0%,1148,N/A,N/A,N/A,N/A,N/A
620,2379,Shaz,Mercy,00:06:19,1047,71.43%,0%,0,4.75,3.17,102,0,-71.43,0%,0%,14%,1329,N/A,N/A,N/A,N/A,N/A
621,2379,Surefour,Junkrat,00:05:42,968,87.5%,16.67%,8.77,3.51,5.26,79,0,12.5,66.67%,13%,13%,515,N/A,N/A,N/A,N/A,N/A
622,2379,FiveKing,Mercy,00:06:17,958,33.33%,0%,0,6.37,3.18,92,0,-33.33,0%,0%,0%,1118,N/A,N/A,N/A,N/A,N/A
623,2379,uNdeAD,Soldier: 76,00:06:06,908,20%,30.77%,6.56,11.48,1.64,50,0,-20,0%,0%,0%,1043,N/A,N/A,N/A,N/A,N/A
624,2379,uNdeAD,Widowmaker,00:07:52,874,30%,6.67%,1.27,6.36,3.81,82,0,20,33.33%,10%,20%,1445,N/A,N/A,N/A,N/A,N/A
625,2379,uNdeAD,Reaper,00:06:47,855,11.11%,21.43%,4.42,13.27,4.42,77,0,-11.11,33.33%,22%,0%,1161,N/A,N/A,N/A,N/A,N/A
626,2379,Freefeel,Zenyatta,00:30:08,837,22.86%,8.82%,1.99,8.3,4.31,90,0,-2.86,7.69%,9%,11%,1308,N/A,N/A,N/A,N/A,N/A
627,2379,Altering,Mercy,00:26:02,787,19.35%,0%,0,7.3,3.46,98,0,2.87,0%,0%,13%,1116,N/A,N/A,N/A,N/A,N/A
628,2379,Diya,Tracer,00:30:06,675,17.65%,24.64%,5.65,8.31,5.98,56,0,-0.98,17.65%,12%,9%,828,N/A,N/A,N/A,N/A,N/A
629,2379,uNdeAD,Mccree,00:10:14,664,25%,37.04%,9.77,13.68,4.89,86,0,35,0%,17%,17%,766,N/A,N/A,N/A,N/A,N/A
630,2379,mg,D.Va,00:27:51,592,24.24%,32.84%,7.9,8.98,0,0,0,0,0%,6%,3%,904,N/A,N/A,N/A,N/A,N/A
631,2379,Xushu,D.Va,00:05:14,590,0%,0%,0,7.64,0,0,0,0,0%,0%,0%,984,N/A,N/A,N/A,N/A,N/A
632,2379,Roshan,Winston,00:30:58,524,20%,12.86%,2.91,8.72,4.84,79,0,2.22,20%,3%,11%,40,N/A,N/A,N/A,N/A,N/A
633,2379,Surefour,Genji,00:04:50,NED,66.67%,33.33%,18.62,2.07,4.14,85,0,33.33,0%,0%,0%,839,N/A,N/A,N/A,N/A,N/A
634,2379,Surefour,Tracer,00:00:54,NED,100%,33.33%,22.22,0,0,0,0,0,0%,0%,0%,1074,N/A,N/A,N/A,N/A,N/A
635,2379,Surefour,Widowmaker,00:04:31,NED,100%,33.33%,13.28,2.21,6.64,68,0,0,33.33%,25%,25%,885,N/A,N/A,N/A,N/A,N/A
636,2379,Diya,Junkrat,00:01:29,NED,50%,0%,0,6.74,0,0,0,0,0%,0%,0%,1049,N/A,N/A,N/A,N/A,N/A
637,2379,Diya,Pharah,00:00:31,NED,100%,0%,0,19.35,0,0,0,0,0%,0%,100%,919,N/A,N/A,N/A,N/A,N/A
638,2379,Diya,Torbjörn,00:00:06,NED,0%,0%,0,0,0,0,0,0,0%,0%,0%,1001,N/A,N/A,N/A,N/A,N/A
639,2379,Diya,Zarya,00:00:53,NED,0%,0%,0,11.32,0,0,0,0,0%,0%,0%,1022,N/A,N/A,N/A,N/A,N/A
640,2379,Shaz,Ana,00:01:35,NED,50%,14.29%,6.32,6.32,6.32,70,0,-50,0%,0%,0%,1059,N/A,N/A,N/A,N/A,N/A
641,2379,Hydration,Doomfist,00:04:20,NED,100%,16.67%,6.92,4.62,4.62,107,0,0,0%,0%,25%,1116,N/A,N/A,N/A,N/A,N/A
642,2379,Hydration,Genji,00:04:58,NED,83.33%,25.93%,14.09,6.04,2.01,88,0,16.67,0%,0%,0%,1127,N/A,N/A,N/A,N/A,N/A
643,2379,Asher,Widowmaker,00:04:04,NED,80%,23.81%,12.3,4.92,4.92,88,0,20,0%,20%,0%,869,N/A,N/A,N/A,N/A,N/A
644,2379,uNdeAD,Doomfist,00:00:16,NED,0%,0%,0,37.5,0,0,0,0,0%,0%,0%,1045,N/A,N/A,N/A,N/A,N/A
645,2379,uNdeAD,Pharah,00:01:00,NED,0%,0%,0,10,0,0,0,0,0%,0%,0%,975,N/A,N/A,N/A,N/A,N/A
646,2379,uNdeAD,Roadhog,00:00:50,NED,0%,0%,0,12,0,0,0,0,0%,0%,0%,1033,N/A,N/A,N/A,N/A,N/A
647,2379,Roshan,Orisa,00:01:11,NED,50%,0%,0,8.45,0,0,0,0,0%,0%,0%,1020,N/A,N/A,N/A,N/A,N/A
648,2379,Roshan,Reinhardt,00:00:43,NED,0%,0%,0,13.95,0,0,0,0,0%,0%,0%,935,N/A,N/A,N/A,N/A,N/A
649,2379,Roshan,Zarya,00:00:13,NED,0%,0%,0,0,0,0,0,0,0%,0%,0%,994,N/A,N/A,N/A,N/A,N/A
650,2379,Freefeel,Lucio,00:00:56,NED,0%,0%,0,21.43,0,0,0,0,0%,0%,0%,1186,N/A,N/A,N/A,N/A,N/A
651,2379,Freefeel,Moira,00:01:42,NED,0%,0%,0,11.76,0,0,0,0,0%,0%,100%,714,N/A,N/A,N/A,N/A,N/A
652,2379,Freefeel,Soldier: 76,00:00:13,NED,0%,0%,0,0,0,0,0,0,0%,0%,0%,991,N/A,N/A,N/A,N/A,N/A
653,2379,Freefeel,Zarya,00:00:06,NED,0%,0%,0,0,0,0,0,0,0%,0%,0%,996,N/A,N/A,N/A,N/A,N/A
654,2379,FiveKing,Lucio,00:00:40,NED,0%,0%,0,15,0,0,0,0,0%,0%,0%,1054,N/A,N/A,N/A,N/A,N/A
655,2379,Altering,Lucio,00:00:06,NED,0%,0%,0,0,0,0,0,0,0%,0%,0%,1003,N/A,N/A,N/A,N/A,N/A
656,2375,Envy,D.Va,00:53:36,1336,56.45%,22.71%,9.7,4.1,0,0,0,0,0%,11%,5%,880,N/A,N/A,N/A,N/A,N/A
657,2375,silkthread,Soldier: 76,00:10:56,1291,69.23%,20%,9.15,2.74,4.57,84,0,30.77,20%,23%,0%,1569,N/A,N/A,N/A,N/A,N/A
658,2375,SoOn,Tracer,00:38:54,1145,58.7%,21.08%,9,5.14,7.71,54,0,17.49,6.67%,7%,9%,911,N/A,N/A,N/A,N/A,N/A
659,2375,Agilities,Junkrat,00:09:34,1130,50%,31.58%,12.54,5.23,5.23,71,0,16.67,20%,42%,8%,1031,N/A,N/A,N/A,N/A,N/A
660,2375,FaTe,Winston,00:48:23,1107,56.14%,19.61%,8.27,6.82,4.96,86,0,14.45,16.67%,14%,14%,669,N/A,N/A,N/A,N/A,N/A
661,2375,SoOn,Widowmaker,00:15:24,1100,52.63%,27.69%,11.69,6.49,5.84,53,0,47.37,33.33%,11%,0%,1037,N/A,N/A,N/A,N/A,N/A
662,2375,Agilities,Genji,00:19:46,1073,50%,27.38%,11.64,7.59,6.07,81,0,10,0%,8%,21%,693,N/A,N/A,N/A,N/A,N/A
663,2375,Kariv,Mercy,00:54:00,1068,56.92%,1.74%,0.74,4.44,3.89,93,0,24.33,4.76%,0%,6%,638,N/A,N/A,N/A,N/A,N/A
664,2375,Nevix,D.Va,00:54:26,1059,36.92%,21.47%,6.98,4.96,0,0,0,0,0%,5%,2%,1300,N/A,N/A,N/A,N/A,N/A
665,2375,babybay,Genji,00:18:40,1052,30%,22.06%,8.04,9.11,5.36,74,0,7.5,0%,0%,10%,1364,N/A,N/A,N/A,N/A,N/A
666,2375,uNKOE,Zenyatta,00:54:26,1037,56.92%,8.66%,3.67,6.61,3.86,96,0,9.74,14.29%,6%,6%,1167,N/A,N/A,N/A,N/A,N/A
667,2375,dhaK,Mercy,00:49:10,1024,35.59%,0%,0,5.29,4.88,90,0,5.58,0%,0%,2%,937,N/A,N/A,N/A,N/A,N/A
668,2375,FaTe,Orisa,00:06:03,1010,62.5%,11.11%,4.96,3.31,1.65,153,0,0,0%,0%,13%,883,N/A,N/A,N/A,N/A,N/A
669,2375,babybay,Mccree,00:20:21,975,44.44%,37.88%,12.29,10.32,5.9,70,0,-8.08,0%,22%,11%,1340,N/A,N/A,N/A,N/A,N/A
670,2375,Danteh,Tracer,00:46:32,963,32.08%,29.25%,9.24,6.45,6.45,63,0,-11.02,6.67%,13%,11%,885,N/A,N/A,N/A,N/A,N/A
671,2375,Sleepy,Zenyatta,00:46:53,931,35.09%,12.5%,4.05,8.75,4.69,82,0,0.63,22.73%,5%,23%,910,N/A,N/A,N/A,N/A,N/A
672,2375,dhaK,Lucio,00:05:16,910,50%,5%,1.9,7.59,3.8,123,0,50,0%,17%,17%,1207,N/A,N/A,N/A,N/A,N/A
673,2375,Sleepy,Mercy,00:05:00,881,50%,0%,0,6,4,116,0,0,0%,0%,0%,830,N/A,N/A,N/A,N/A,N/A
674,2375,nomy,Winston,00:54:26,868,36.92%,14.12%,4.59,8.08,4.59,94,0,1.97,8.33%,11%,6%,1259,N/A,N/A,N/A,N/A,N/A
675,2375,Danteh,Junkrat,00:05:21,802,62.5%,10.53%,3.74,9.35,5.61,52,0,37.5,33.33%,13%,13%,1110,N/A,N/A,N/A,N/A,N/A
676,2375,babybay,Widowmaker,00:06:04,702,12.5%,30%,4.95,13.19,3.3,99,0,-12.5,0%,13%,0%,924,N/A,N/A,N/A,N/A,N/A
677,2375,Agilities,Tracer,00:02:02,NED,50%,44.44%,19.67,4.92,4.92,57,0,-50,0%,0%,0%,878,N/A,N/A,N/A,N/A,N/A
678,2375,SoOn,Sombra,00:00:08,NED,0%,0%,0,0,0,0,0,0,0%,0%,0%,1002,N/A,N/A,N/A,N/A,N/A
679,2375,babybay,Junkrat,00:00:27,NED,0%,0%,0,22.22,0,0,0,0,0%,0%,0%,1033,N/A,N/A,N/A,N/A,N/A
680,2375,babybay,Pharah,00:04:51,NED,50%,21.05%,8.25,6.19,6.19,68,0,-16.67,0%,17%,0%,865,N/A,N/A,N/A,N/A,N/A
681,2375,babybay,Soldier: 76,00:03:54,NED,50%,7.69%,2.56,12.82,2.56,75,0,0,0%,0%,50%,867,N/A,N/A,N/A,N/A,N/A
682,2375,babybay,Zarya,00:00:09,NED,0%,0%,0,0,0,0,0,0,0%,0%,0%,995,N/A,N/A,N/A,N/A,N/A
683,2375,Kariv,Lucio,00:00:23,NED,0%,0%,0,26.09,0,0,0,0,0%,0%,0%,1043,N/A,N/A,N/A,N/A,N/A
684,2375,Kariv,Soldier: 76,00:00:03,NED,0%,0%,0,0,0,0,0,0,0%,0%,0%,996,N/A,N/A,N/A,N/A,N/A
685,2375,Sleepy,Ana,00:01:42,NED,50%,0%,0,5.88,5.88,71,0,-50,0%,0%,0%,1135,N/A,N/A,N/A,N/A,N/A
686,2375,Sleepy,Moira,00:00:41,NED,0%,0%,0,29.27,0,0,0,0,0%,0%,0%,1024,N/A,N/A,N/A,N/A,N/A
687,2375,Sleepy,Zarya,00:00:10,NED,0%,0%,0,0,0,0,0,0,0%,0%,0%,995,N/A,N/A,N/A,N/A,N/A
688,2375,Danteh,Genji,00:02:33,NED,50%,9.09%,3.92,7.84,3.92,85,0,50,0%,25%,0%,1366,N/A,N/A,N/A,N/A,N/A
689,2375,silkthread,Genji,00:03:17,NED,75%,19.05%,12.18,3.05,6.09,50,0,25,0%,0%,0%,1408,N/A,N/A,N/A,N/A,N/A
690,2375,silkthread,Mccree,00:02:31,NED,0%,50%,3.97,15.89,3.97,76,0,100,0%,0%,33%,311,N/A,N/A,N/A,N/A,N/A
691,2375,silkthread,Pharah,00:03:27,NED,75%,27.27%,8.7,2.9,5.8,100,0,-25,0%,0%,0%,1094,N/A,N/A,N/A,N/A,N/A
692,2375,silkthread,Tracer,00:02:53,NED,100%,12.5%,6.94,3.47,10.4,45,0,0,50%,0%,0%,672,N/A,N/A,N/A,N/A,N/A
693,2375,Envy,Bastion,00:00:50,NED,66.67%,0%,0,0,0,0,0,0,0%,0%,0%,986,N/A,N/A,N/A,N/A,N/A
